PLAYER_ID,PLAYER_NAME,TEAM_ID,TEAM_ABBREVIATION,AGE,NICKNAME,LessThan5FGM,LessThan5FGA,LessThan5FG_PCT,5-9FGM,5-9FGA,5-9FG_PCT,10-14FGM,10-14FGA,10-14FG_PCT,15-19FGM,15-19FGA,15-19FG_PCT,20-24FGM,20-24FGA,20-24FG_PCT,25-29FGM,25-29FGA,25-29FG_PCT,30-34FGM,30-34FGA,30-34FG_PCT,35-39FGM,35-39FGA,35-39FG_PCT,40+FGM,40+FGA,40+FG_PCT,FTM,FTA,FT_PCT,GP,MIN
1630639,A.J. Lawson,1610612742,DAL,22.0,A.J.,0.5,0.9,0.6,0.0,0.0,0.0,0.0,0.0,0.0,0.0,0.0,0.0,0.2,1.0,0.2,0.5,0.5,0.833,0.0,0.0,0.0,0.0,0.0,0.0,0.0,0.0,0.0,0.1,0.2,0.333,13,4.8
1631260,AJ Green,1610612749,MIL,23.0,AJ,0.1,0.2,0.6,0.0,0.0,0.0,0.0,0.1,0.333,0.2,0.3,0.5,0.4,1.0,0.375,0.9,2.1,0.439,0.2,0.3,0.667,0.0,0.0,0.0,0.0,0.0,0.0,0.1,0.1,1.0,32,9.4
1631100,AJ Griffin,1610612737,ATL,19.0,AJ,0.7,1.1,0.634,0.5,0.9,0.556,0.7,1.3,0.55,0.3,0.6,0.457,0.6,1.5,0.384,0.8,2.1,0.368,0.0,0.0,0.0,0.0,0.0,0.0,0.0,0.0,0.0,0.6,0.7,0.905,64,19.4
203932,Aaron Gordon,1610612743,DEN,27.0,Aaron,4.9,6.9,0.71,0.3,0.7,0.395,0.2,0.5,0.345,0.2,0.4,0.346,0.3,1.0,0.306,0.6,1.4,0.419,0.0,0.0,0.0,0.0,0.0,0.0,0.0,0.1,0.0,3.0,4.8,0.62,60,30.1
1628988,Aaron Holiday,1610612737,ATL,26.0,Aaron,0.5,1.1,0.509,0.1,0.4,0.227,0.2,0.5,0.375,0.1,0.2,0.455,0.3,0.6,0.438,0.4,0.9,0.404,0.0,0.0,1.0,0.0,0.0,0.0,0.0,0.0,0.0,0.4,0.5,0.857,55,13.6
1630174,Aaron Nesmith,1610612754,IND,23.0,Aaron,1.5,2.5,0.586,0.2,0.6,0.289,0.2,0.5,0.517,0.0,0.1,0.222,0.9,2.4,0.357,0.7,1.9,0.347,0.0,0.0,0.0,0.0,0.0,0.0,0.0,0.0,0.0,1.6,1.8,0.853,63,24.7
1630598,Aaron Wiggins,1610612760,OKC,24.0,Aaron,1.8,2.8,0.619,0.1,0.5,0.267,0.0,0.1,0.4,0.0,0.0,0.0,0.4,1.1,0.339,0.3,0.6,0.405,0.1,0.1,1.0,0.0,0.0,0.0,0.0,0.0,0.0,0.8,1.0,0.817,60,18.5
1629678,Admiral Schofield,1610612753,ORL,25.0,Admiral,0.8,1.1,0.706,0.1,0.1,0.667,0.0,0.0,0.0,0.0,0.0,0.0,0.3,0.8,0.409,0.4,1.1,0.314,0.0,0.0,0.0,0.0,0.0,0.0,0.0,0.0,0.0,0.5,0.6,0.895,31,11.9
201143,Al Horford,1610612738,BOS,36.0,Al,0.9,1.4,0.65,0.4,0.7,0.488,0.1,0.2,0.286,0.1,0.2,0.333,1.2,2.5,0.479,1.1,2.5,0.438,0.0,0.0,0.0,0.0,0.0,0.0,0.0,0.0,0.0,0.3,0.4,0.714,57,30.9
202692,Alec Burks,1610612765,DET,31.0,Alec,0.6,1.2,0.559,0.4,0.9,0.417,0.5,1.0,0.471,0.4,0.9,0.426,0.9,2.0,0.446,1.1,2.9,0.387,0.0,0.1,0.0,0.0,0.0,0.0,0.0,0.0,0.0,3.0,3.7,0.814,51,22.0
1630197,Aleksej Pokusevski,1610612760,OKC,21.0,Aleksej,1.8,3.1,0.588,0.2,0.8,0.231,0.1,0.3,0.3,0.1,0.2,0.429,0.4,1.3,0.317,0.8,2.0,0.403,0.0,0.0,0.0,0.0,0.0,0.0,0.0,0.0,0.0,0.7,1.1,0.636,31,21.9
1627936,Alex Caruso,1610612741,CHI,29.0,Alex,1.0,1.5,0.652,0.0,0.3,0.118,0.0,0.2,0.222,0.1,0.1,0.429,0.6,1.4,0.413,0.3,0.9,0.296,0.0,0.0,0.0,0.0,0.0,0.0,0.0,0.0,0.0,0.9,1.2,0.812,59,24.0
203458,Alex Len,1610612758,SAC,29.0,Alex,0.2,0.3,0.6,0.0,0.1,0.0,0.2,0.2,1.0,0.0,0.1,0.0,0.0,0.1,0.0,0.0,0.1,0.0,0.0,0.0,0.0,0.0,0.0,0.0,0.0,0.0,0.0,0.2,0.2,0.75,18,3.2
1628993,Alize Johnson,1610612759,SAS,26.0,Alize,0.8,1.0,0.75,0.0,0.0,0.0,0.0,0.0,0.0,0.0,0.0,0.0,0.0,0.3,0.0,0.0,0.0,0.0,0.0,0.0,0.0,,,,0.0,0.3,0.0,0.3,0.5,0.5,4,7.4
1631214,Alondes Williams,1610612751,BKN,23.0,Alondes,0.0,0.0,0.0,0.0,0.0,0.0,0.0,0.0,0.0,0.0,0.0,0.0,0.0,0.0,0.0,0.0,0.0,0.0,0.0,0.0,0.0,,,,0.0,0.0,0.0,0.0,0.0,0.0,1,5.3
1630578,Alperen Sengun,1610612745,HOU,20.0,Alperen,4.1,6.5,0.632,1.2,2.6,0.447,0.2,0.5,0.485,0.1,0.2,0.385,0.0,0.1,0.222,0.2,0.6,0.351,0.0,0.0,0.0,0.0,0.0,0.0,0.0,0.0,0.0,2.8,3.8,0.733,65,28.5
1629599,Amir Coffey,1610612746,LAC,25.0,Amir,0.7,1.2,0.553,0.2,0.8,0.276,0.2,0.4,0.438,0.1,0.3,0.3,0.2,0.6,0.25,0.1,0.3,0.286,0.0,0.0,0.0,0.0,0.0,0.0,0.0,0.0,0.0,1.0,1.3,0.78,45,13.2
203083,Andre Drummond,1610612741,CHI,29.0,Andre,2.3,3.5,0.647,0.2,0.4,0.4,0.0,0.1,0.0,0.0,0.0,0.0,0.0,0.0,0.0,0.0,0.0,0.0,0.0,0.0,0.0,0.0,0.0,0.0,0.0,0.0,0.0,1.0,1.8,0.538,58,12.6
2738,Andre Iguodala,1610612744,GSW,39.0,Andre,0.6,0.6,1.0,0.1,0.1,1.0,0.0,0.0,0.0,0.0,0.0,0.0,0.0,0.3,0.0,0.1,0.9,0.143,0.0,0.0,0.0,0.0,0.0,0.0,0.0,0.0,0.0,0.3,0.4,0.667,8,14.1
1629614,Andrew Nembhard,1610612754,IND,23.0,Andrew,1.2,1.7,0.676,0.4,1.0,0.435,0.3,1.1,0.306,0.2,0.6,0.378,0.4,1.4,0.322,0.8,2.2,0.369,0.0,0.1,0.4,0.0,0.0,0.0,0.0,0.0,0.0,0.6,0.8,0.796,65,27.1
203952,Andrew Wiggins,1610612744,GSW,28.0,Andrew,2.4,3.4,0.693,1.0,2.3,0.424,0.4,0.9,0.371,0.5,1.2,0.4,0.8,2.2,0.373,1.7,4.2,0.416,0.0,0.0,0.0,0.0,0.0,0.0,0.0,0.0,0.0,1.2,1.9,0.611,37,32.2
1629014,Anfernee Simons,1610612757,POR,23.0,Anfernee,2.2,3.5,0.619,0.5,1.4,0.388,0.7,1.3,0.544,0.6,1.3,0.487,0.8,2.2,0.388,2.5,6.9,0.364,0.2,0.4,0.5,0.0,0.0,0.0,0.0,0.0,0.0,2.6,2.9,0.894,62,35.0
203076,Anthony Davis,1610612747,LAL,30.0,Anthony,6.1,8.5,0.71,1.5,3.0,0.507,0.7,1.8,0.388,0.7,1.8,0.39,0.3,0.8,0.359,0.3,1.2,0.278,0.0,0.0,0.0,0.0,0.0,0.0,0.0,0.0,0.0,6.2,7.7,0.798,46,33.6
1630162,Anthony Edwards,1610612750,MIN,21.0,Anthony,4.4,7.2,0.613,0.6,1.5,0.381,0.4,1.2,0.325,0.6,1.4,0.412,1.1,3.0,0.375,1.8,4.9,0.374,0.0,0.2,0.111,0.0,0.0,0.0,0.0,0.0,0.0,4.1,5.3,0.767,71,36.0
1630264,Anthony Gill,1610612764,WAS,30.0,Anthony,0.9,1.0,0.84,0.2,0.4,0.438,0.1,0.2,0.429,0.0,0.0,0.0,0.1,0.4,0.188,0.0,0.1,0.0,0.0,0.0,0.0,0.0,0.0,0.0,0.0,0.0,0.0,0.8,1.0,0.816,49,9.8
1630237,Anthony Lamb,1610612744,GSW,25.0,Anthony,1.0,1.2,0.788,0.2,0.4,0.435,0.0,0.0,0.0,0.0,0.1,0.4,0.6,1.6,0.358,0.8,1.9,0.402,0.0,0.0,0.0,0.0,0.0,0.0,0.0,0.0,0.0,0.8,1.0,0.755,53,20.0
1630559,Austin Reaves,1610612747,LAL,24.0,Austin,1.5,2.0,0.745,0.5,0.8,0.581,0.4,0.9,0.5,0.1,0.3,0.412,0.5,1.2,0.4,0.8,2.0,0.391,0.0,0.2,0.0,0.0,0.0,0.0,0.0,0.0,0.0,3.3,3.8,0.854,54,27.8
203085,Austin Rivers,1610612750,MIN,30.0,Austin,0.7,1.2,0.603,0.2,0.4,0.474,0.0,0.1,0.25,0.0,0.0,0.0,0.8,1.9,0.398,0.1,0.5,0.167,0.0,0.0,0.0,0.0,0.0,0.0,0.0,0.0,0.0,0.6,0.8,0.769,52,19.5
1630245,Ayo Dosunmu,1610612741,CHI,23.0,Ayo,2.3,3.6,0.65,0.2,0.5,0.371,0.2,0.4,0.5,0.1,0.3,0.375,0.4,1.4,0.289,0.3,1.0,0.338,0.0,0.0,0.0,0.0,0.0,0.0,0.0,0.0,0.0,0.9,1.1,0.811,69,26.8
1628389,Bam Adebayo,1610612748,MIA,25.0,Bam,4.1,6.2,0.66,1.9,4.0,0.471,1.8,3.7,0.49,0.4,1.1,0.405,0.0,0.1,0.375,0.0,0.1,0.143,0.0,0.0,0.0,0.0,0.0,0.0,0.0,0.0,0.0,4.5,5.6,0.803,68,35.1
1627732,Ben Simmons,1610612751,BKN,26.0,Ben,2.1,3.2,0.662,0.8,1.8,0.446,0.2,0.5,0.455,0.0,0.0,0.0,0.0,0.0,0.0,0.0,0.0,0.0,0.0,0.1,0.0,0.0,0.0,0.0,0.0,0.0,0.0,0.6,1.4,0.439,42,26.3
1631097,Bennedict Mathurin,1610612754,IND,20.0,Bennedict,2.9,5.3,0.554,0.6,1.6,0.407,0.2,0.7,0.28,0.2,0.4,0.458,0.5,1.5,0.343,0.8,2.7,0.306,0.0,0.1,0.333,0.0,0.0,0.0,0.0,0.1,0.0,4.7,5.7,0.826,68,27.8
202687,Bismack Biyombo,1610612756,PHX,30.0,Bismack,1.2,1.7,0.716,0.3,1.0,0.333,0.1,0.3,0.4,0.0,0.0,0.0,0.0,0.0,0.0,0.0,0.0,0.0,0.0,0.0,0.0,0.0,0.0,0.0,0.0,0.0,0.0,0.3,1.1,0.315,51,13.6
201933,Blake Griffin,1610612738,BOS,34.0,Blake,1.0,1.5,0.654,0.1,0.2,0.571,0.0,0.0,0.0,0.0,0.0,0.0,0.3,0.9,0.3,0.3,0.8,0.407,0.0,0.1,0.0,0.0,0.0,0.0,0.0,0.0,0.0,0.5,0.8,0.615,34,14.3
1631104,Blake Wesley,1610612759,SAS,20.0,Blake,0.9,2.3,0.387,0.0,0.4,0.0,0.1,0.4,0.364,0.1,0.7,0.167,0.4,0.6,0.625,0.3,1.0,0.321,0.0,0.0,0.0,0.0,0.0,0.0,0.0,0.0,0.0,0.7,1.2,0.594,27,16.7
1626246,Boban Marjanovic,1610612745,HOU,34.0,Boban,0.8,0.9,0.826,0.3,0.7,0.533,0.1,0.2,0.6,0.1,0.1,1.0,0.0,0.0,0.0,0.0,0.0,0.0,0.0,0.0,0.0,0.0,0.0,0.0,0.0,0.0,0.0,0.7,1.0,0.75,25,4.7
1626171,Bobby Portis,1610612749,MIL,28.0,Bobby,2.2,3.4,0.652,0.9,1.7,0.549,0.6,1.5,0.427,0.6,1.1,0.537,0.4,1.5,0.278,0.9,2.1,0.415,0.0,0.0,0.0,0.0,0.0,0.0,0.0,0.0,0.0,1.3,1.6,0.823,60,26.0
203992,Bogdan Bogdanovic,1610612737,ATL,30.0,Bogdan,0.8,1.5,0.574,0.4,0.7,0.531,0.6,1.4,0.46,0.3,0.8,0.429,1.2,3.0,0.379,1.7,4.1,0.415,0.1,0.2,0.5,0.0,0.0,0.0,0.0,0.0,0.0,1.2,1.5,0.814,46,28.3
202711,Bojan Bogdanovic,1610612765,DET,33.0,Bojan,2.1,3.3,0.64,0.9,2.0,0.445,1.2,2.1,0.571,0.5,1.3,0.38,0.9,2.4,0.392,1.6,3.6,0.428,0.0,0.1,0.333,0.0,0.0,0.0,0.0,0.0,0.0,4.5,5.1,0.884,59,32.1
1629626,Bol Bol,1610612753,ORL,23.0,Bol,2.4,2.9,0.812,0.4,1.1,0.408,0.3,0.6,0.525,0.2,0.4,0.37,0.1,0.6,0.238,0.3,1.0,0.313,0.0,0.0,0.0,0.0,0.0,0.0,0.0,0.0,0.0,1.1,1.5,0.76,67,21.4
1630538,Bones Hyland,1610612746,LAC,22.0,Bones,1.2,2.3,0.509,0.4,1.1,0.34,0.2,0.7,0.265,0.1,0.4,0.278,0.5,1.1,0.444,1.5,4.0,0.363,0.2,0.6,0.313,0.0,0.1,0.0,0.0,0.0,0.0,1.7,2.0,0.859,47,19.0
203078,Bradley Beal,1610612764,WAS,29.0,Bradley,3.6,5.4,0.673,1.2,2.6,0.457,1.0,2.2,0.438,1.4,2.6,0.542,0.6,1.7,0.345,1.1,3.0,0.362,0.0,0.1,0.25,0.0,0.0,0.0,0.0,0.0,0.0,3.8,4.6,0.842,50,33.5
1630527,Brandon Boston Jr.,1610612746,LAC,21.0,Brandon,1.1,2.0,0.561,0.1,0.7,0.143,0.4,0.9,0.412,0.3,0.9,0.357,0.2,0.8,0.286,0.5,1.1,0.476,0.0,0.0,0.0,0.0,0.0,0.0,0.0,0.0,0.0,1.4,1.8,0.763,21,11.7
1629634,Brandon Clarke,1610612763,MEM,26.0,Brandon,2.8,3.7,0.76,0.7,1.3,0.547,0.4,0.9,0.46,0.1,0.2,0.667,0.0,0.1,0.143,0.0,0.0,0.0,0.0,0.0,0.0,0.0,0.0,0.0,0.0,0.0,0.0,1.8,2.5,0.719,56,19.5
1627742,Brandon Ingram,1610612740,NOP,25.0,Brandon,2.3,3.7,0.625,1.0,2.1,0.472,1.9,4.1,0.458,1.6,3.5,0.451,0.7,1.5,0.462,1.2,3.2,0.366,0.0,0.0,0.0,0.0,0.0,0.0,0.0,0.0,0.0,4.8,5.5,0.871,35,33.1
1630296,Braxton Key,1610612765,DET,26.0,Braxton,0.0,0.0,0.0,0.0,0.0,0.0,0.3,0.3,1.0,,,,0.0,0.0,0.0,0.0,0.0,0.0,0.0,0.0,0.0,0.0,0.0,0.0,0.0,0.0,0.0,0.7,0.7,1.0,3,3.0
201572,Brook Lopez,1610612749,MIL,34.0,Brook,2.8,3.8,0.729,0.6,1.2,0.538,0.6,1.1,0.507,0.2,0.5,0.412,0.5,1.3,0.374,1.3,3.5,0.366,0.1,0.2,0.5,0.0,0.0,0.0,0.0,0.0,0.0,1.8,2.3,0.767,69,30.7
1628971,Bruce Brown,1610612743,DEN,26.0,Bruce,2.3,3.5,0.644,0.4,1.1,0.413,0.3,0.7,0.373,0.1,0.2,0.4,0.6,1.7,0.323,0.6,1.6,0.397,0.0,0.0,0.0,0.0,0.0,0.0,0.0,0.0,0.0,1.2,1.5,0.745,71,28.1
1628981,Bruno Fernando,1610612737,ATL,24.0,Bruno,1.3,2.0,0.62,0.1,0.6,0.238,0.0,0.1,0.0,0.0,0.1,0.5,0.0,0.0,0.0,0.0,0.0,0.0,0.0,0.0,0.0,0.0,0.0,0.0,0.0,0.0,0.0,0.9,1.3,0.682,35,10.7
1631121,Bryce McGowens,1610612766,CHA,20.0,Bryce,0.7,1.4,0.481,0.2,0.5,0.333,0.0,0.2,0.167,0.0,0.1,0.0,0.3,0.7,0.375,0.2,0.7,0.227,0.0,0.0,0.0,0.0,0.0,0.0,0.0,0.0,0.0,0.9,1.2,0.791,37,14.5
1627854,Bryn Forbes,1610612750,MIN,29.0,Bryn,0.1,0.3,0.429,0.2,0.5,0.462,0.0,0.2,0.2,0.3,0.5,0.5,0.4,0.9,0.435,0.2,1.0,0.208,0.0,0.0,0.0,0.0,0.0,0.0,0.0,0.1,0.0,0.6,0.6,1.0,25,10.7
1631205,Buddy Boeheim,1610612765,DET,23.0,Buddy,0.0,0.0,0.0,0.0,0.0,0.0,0.0,0.2,0.0,0.0,0.0,0.0,0.6,1.6,0.364,0.0,1.6,0.0,0.0,0.0,0.0,0.0,0.0,0.0,0.0,0.0,0.0,0.3,0.3,1.0,7,9.8
1627741,Buddy Hield,1610612754,IND,30.0,Buddy,1.6,2.6,0.614,0.2,0.5,0.306,0.2,0.5,0.412,0.3,0.6,0.413,1.3,2.8,0.483,2.5,6.2,0.401,0.1,0.1,0.429,0.0,0.0,0.0,0.0,0.0,0.0,1.3,1.6,0.823,72,31.7
203468,CJ McCollum,1610612740,NOP,31.0,CJ,1.8,3.3,0.549,1.0,2.3,0.436,1.2,2.3,0.52,0.8,2.3,0.353,0.9,2.4,0.37,2.1,5.4,0.393,0.0,0.1,0.0,0.0,0.0,0.0,0.0,0.0,0.0,2.5,3.2,0.785,65,35.1
1630595,Cade Cunningham,1610612765,DET,21.0,Cade,2.5,4.7,0.536,1.2,2.9,0.4,1.0,2.4,0.414,1.4,3.1,0.459,0.7,1.6,0.421,1.0,3.8,0.267,0.0,0.2,0.0,0.0,0.0,0.0,0.0,0.1,0.0,3.0,3.6,0.837,12,33.3
1631216,Caleb Houstan,1610612753,ORL,20.0,Caleb,0.3,0.7,0.464,0.0,0.0,1.0,0.0,0.0,0.0,0.1,0.1,0.4,0.5,1.1,0.478,0.3,1.3,0.273,0.0,0.0,0.0,0.0,0.0,0.0,0.0,0.0,0.0,0.3,0.3,0.846,43,15.0
1628997,Caleb Martin,1610612748,MIA,27.0,Caleb,1.7,2.6,0.642,0.2,0.6,0.316,0.2,0.3,0.476,0.2,0.4,0.48,0.8,2.2,0.355,0.7,1.8,0.404,0.0,0.0,1.0,0.0,0.0,0.0,0.0,0.0,0.0,1.3,1.6,0.804,62,29.8
1629629,Cam Reddish,1610612757,POR,23.0,Cam,1.8,2.9,0.615,0.4,0.8,0.448,0.2,0.4,0.429,0.0,0.0,0.0,0.6,1.8,0.348,0.6,1.9,0.319,0.0,0.1,0.0,0.0,0.0,0.0,0.0,0.1,0.0,1.6,1.9,0.838,36,25.0
1630560,Cam Thomas,1610612751,BKN,21.0,Cam,0.9,1.4,0.644,0.6,1.4,0.435,0.6,1.7,0.363,0.4,0.9,0.422,0.5,0.9,0.523,0.6,1.8,0.311,0.0,0.2,0.25,0.0,0.0,0.0,0.0,0.0,0.0,2.7,3.1,0.858,52,16.6
1629661,Cameron Johnson,1610612751,BKN,27.0,Cameron,1.6,2.5,0.643,0.2,0.5,0.294,0.4,0.8,0.444,0.3,0.9,0.345,1.4,3.2,0.443,1.2,3.3,0.367,0.0,0.0,0.0,0.0,0.1,0.0,0.0,0.0,0.0,2.5,3.0,0.818,33,28.1
1626166,Cameron Payne,1610612756,PHX,28.0,Cameron,1.0,2.0,0.519,0.7,1.7,0.394,0.6,1.2,0.478,0.3,0.7,0.448,0.3,1.0,0.308,1.2,3.3,0.378,0.0,0.1,0.333,0.0,0.1,0.0,0.0,0.0,0.0,1.1,1.5,0.754,39,21.4
1627747,Caris LeVert,1610612739,CLE,28.0,Caris,1.8,3.0,0.596,0.5,1.4,0.337,0.3,1.1,0.303,0.1,0.3,0.25,0.6,1.4,0.421,1.0,2.9,0.354,0.0,0.0,1.0,0.0,0.1,0.333,0.0,0.0,0.0,1.8,2.5,0.726,68,30.1
1630637,Carlik Jones,1610612741,CHI,25.0,Carlik,0.5,1.0,0.5,0.0,1.0,0.0,0.0,0.0,0.0,0.0,0.0,0.0,0.0,1.0,0.0,0.0,0.5,0.0,0.0,0.0,0.0,,,,0.0,0.0,0.0,0.5,2.0,0.25,2,11.4
1626224,Cedi Osman,1610612739,CLE,27.0,Cedi,1.5,2.2,0.673,0.1,0.5,0.257,0.1,0.1,0.6,0.0,0.1,0.0,0.5,1.4,0.37,0.9,2.4,0.371,0.1,0.3,0.357,0.0,0.1,0.0,0.0,0.0,0.0,1.0,1.4,0.688,69,20.6
1629646,Charles Bassey,1610612759,SAS,22.0,Charles,1.9,2.7,0.714,0.3,0.5,0.579,0.1,0.3,0.364,0.1,0.1,1.0,0.0,0.1,0.2,0.1,0.1,0.4,0.0,0.0,0.0,0.0,0.0,0.0,0.0,0.0,0.0,0.6,1.1,0.595,35,14.5
1631320,Chima Moneke,1610612758,SAC,27.0,Chima,0.5,1.0,0.5,0.0,0.0,0.0,0.0,0.0,0.0,0.0,0.0,0.0,0.0,0.0,0.0,0.0,0.0,0.0,0.0,0.0,0.0,,,,,,,0.0,1.0,0.0,2,4.0
1629002,Chimezie Metu,1610612758,SAC,25.0,Chimezie,1.6,2.1,0.758,0.2,0.5,0.444,0.0,0.1,0.286,0.0,0.1,0.333,0.0,0.2,0.167,0.1,0.4,0.28,0.0,0.0,0.0,0.0,0.0,0.0,0.0,0.0,0.0,0.7,1.0,0.759,59,10.8
1628449,Chris Boucher,1610612761,TOR,30.0,Chris,2.2,3.4,0.649,0.2,0.6,0.395,0.1,0.2,0.385,0.0,0.1,0.333,0.6,1.4,0.398,0.3,1.1,0.274,0.0,0.0,0.0,0.0,0.0,0.0,0.0,0.0,0.0,1.7,2.3,0.747,66,19.8
1630537,Chris Duarte,1610612754,IND,25.0,Chris,0.9,1.8,0.5,0.2,0.3,0.667,0.2,0.6,0.31,0.1,0.5,0.182,0.7,1.8,0.373,0.6,2.2,0.278,0.0,0.0,1.0,0.1,0.1,1.0,0.0,0.1,0.0,1.4,1.6,0.847,45,19.8
101108,Chris Paul,1610612756,PHX,37.0,Chris,0.2,0.5,0.423,0.6,1.2,0.542,1.3,2.7,0.496,1.0,2.4,0.437,0.4,1.0,0.367,1.2,3.3,0.376,0.0,0.1,0.0,0.0,0.0,0.0,0.0,0.0,0.0,2.4,2.9,0.819,50,32.1
1629735,Chris Silva,1610612742,DAL,26.0,Chris,0.0,0.0,0.0,1.0,1.0,1.0,0.0,0.0,0.0,0.0,0.0,0.0,0.0,0.0,0.0,0.0,0.0,0.0,,,,,,,0.0,0.0,0.0,0.0,0.0,0.0,1,3.0
1631128,Christian Braun,1610612743,DEN,21.0,Christian,1.1,1.7,0.648,0.1,0.4,0.304,0.1,0.1,0.375,0.0,0.1,0.0,0.3,0.7,0.439,0.2,0.5,0.382,0.0,0.1,0.0,0.0,0.0,0.0,0.0,0.0,0.0,0.5,0.7,0.625,66,14.5
1631132,Christian Koloko,1610612761,TOR,22.0,Christian,1.1,2.0,0.556,0.1,0.3,0.231,0.0,0.1,0.333,0.0,0.0,0.0,0.0,0.1,0.2,0.0,0.1,0.0,0.0,0.0,0.0,0.0,0.0,0.0,0.0,0.0,0.0,0.7,1.1,0.66,49,14.0
1626174,Christian Wood,1610612742,DAL,27.0,Christian,3.2,4.7,0.676,0.8,1.4,0.561,0.3,0.6,0.432,0.3,0.6,0.395,0.5,1.6,0.316,1.2,2.9,0.406,0.0,0.1,0.0,0.0,0.1,0.0,0.0,0.0,0.0,3.3,4.2,0.776,59,26.8
1629643,Chuma Okeke,1610612753,ORL,24.0,Chuma,0.6,1.0,0.619,0.0,0.0,0.0,0.1,0.3,0.2,0.0,0.0,0.0,0.4,1.1,0.348,0.5,2.0,0.279,0.0,0.0,0.0,0.0,0.0,0.0,0.0,0.0,0.0,0.7,1.0,0.762,22,18.8
203991,Clint Capela,1610612737,ATL,28.0,Clint,5.0,7.4,0.668,0.4,0.9,0.49,0.0,0.0,0.0,0.0,0.0,1.0,0.0,0.0,0.0,0.0,0.0,0.0,0.0,0.0,0.0,0.0,0.0,0.0,0.0,0.0,0.0,1.1,1.8,0.573,56,26.6
1629632,Coby White,1610612741,CHI,23.0,Coby,1.0,1.7,0.635,0.1,0.5,0.241,0.2,0.4,0.556,0.1,0.3,0.3,0.6,1.6,0.39,1.0,3.0,0.346,0.1,0.1,0.75,0.0,0.1,0.0,0.0,0.0,0.0,0.8,1.0,0.855,63,22.6
1628998,Cody Martin,1610612766,CHA,27.0,Cody,1.3,2.3,0.571,0.2,0.3,0.5,0.1,0.4,0.333,0.2,0.5,0.333,0.4,1.0,0.429,0.0,1.0,0.0,0.0,0.0,0.0,0.0,0.0,0.0,0.0,0.0,0.0,0.6,1.0,0.571,7,19.1
203469,Cody Zeller,1610612748,MIA,30.0,Cody,1.2,2.1,0.571,0.1,0.4,0.25,0.2,0.3,0.667,0.0,0.0,0.0,0.0,0.0,0.0,0.0,0.1,0.0,0.0,0.0,0.0,0.0,0.0,0.0,0.0,0.0,0.0,1.7,2.3,0.739,10,13.0
1630175,Cole Anthony,1610612753,ORL,22.0,Cole,1.3,2.4,0.544,0.8,1.7,0.478,0.6,1.2,0.54,0.4,1.0,0.382,0.4,0.9,0.429,0.9,2.7,0.329,0.0,0.1,0.0,0.0,0.0,0.0,0.0,0.0,0.0,2.6,2.9,0.89,53,25.6
1631306,Cole Swider,1610612747,LAL,23.0,Cole,0.0,0.0,0.0,0.0,0.0,0.0,0.0,0.3,0.0,0.0,0.0,0.0,0.3,0.3,1.0,0.2,1.0,0.167,,,,0.0,0.0,0.0,0.0,0.0,0.0,0.0,0.0,0.0,6,6.7
1629012,Collin Sexton,1610612762,UTA,24.0,Collin,2.4,4.1,0.58,0.9,1.8,0.477,0.4,0.8,0.526,0.1,0.3,0.462,0.5,1.2,0.434,0.6,1.5,0.394,0.0,0.0,0.0,0.0,0.0,0.0,0.0,0.0,0.0,3.4,4.2,0.822,47,24.0
1630557,Corey Kispert,1610612764,WAS,24.0,Corey,1.3,1.8,0.754,0.2,0.4,0.429,0.0,0.1,0.333,0.0,0.1,0.0,0.7,1.5,0.479,1.2,3.0,0.395,0.0,0.1,0.167,0.0,0.0,0.0,0.0,0.0,1.0,0.9,1.0,0.877,64,27.6
202709,Cory Joseph,1610612765,DET,31.0,Cory,0.6,1.0,0.593,0.3,0.7,0.359,0.3,0.5,0.538,0.2,0.5,0.36,0.3,0.8,0.381,0.6,1.7,0.385,0.0,0.1,0.0,0.0,0.0,0.0,0.0,0.0,0.0,1.0,1.2,0.806,54,18.5
1626156,D'Angelo Russell,1610612747,LAL,27.0,D'Angelo,1.6,2.4,0.658,0.5,1.1,0.472,0.7,1.4,0.457,0.8,1.4,0.522,0.9,2.4,0.37,1.8,4.7,0.391,0.0,0.0,0.0,0.0,0.1,0.5,0.0,0.0,0.0,2.6,3.1,0.854,64,32.5
1630227,Daishen Nix,1610612745,HOU,21.0,Daishen,0.6,1.3,0.5,0.1,0.4,0.2,0.0,0.0,1.0,0.0,0.0,0.0,0.2,0.6,0.367,0.6,1.9,0.303,0.0,0.0,0.0,0.0,0.0,0.0,0.0,0.1,0.0,0.5,0.7,0.676,48,16.7
1630625,Dalano Banton,1610612761,TOR,23.0,Dalano,1.0,1.4,0.737,0.1,0.4,0.182,0.1,0.3,0.25,0.0,0.2,0.2,0.1,0.7,0.176,0.3,1.0,0.333,0.1,0.3,0.25,0.0,0.1,0.0,0.0,0.1,0.0,0.6,0.7,0.789,27,9.3
1631207,Dalen Terry,1610612741,CHI,20.0,Dalen,0.5,0.8,0.571,0.0,0.1,0.0,0.0,0.0,0.0,0.0,0.1,0.0,0.3,0.5,0.545,0.0,0.2,0.167,0.0,0.0,0.0,0.0,0.0,0.0,0.0,0.0,0.0,0.2,0.4,0.5,28,4.9
1627745,Damian Jones,1610612762,UTA,27.0,Damian,1.2,1.9,0.638,0.0,0.0,0.0,0.0,0.0,0.0,0.0,0.0,1.0,0.1,0.1,1.0,0.0,0.1,0.0,0.0,0.0,0.0,0.0,0.0,0.0,0.0,0.1,0.0,0.6,0.8,0.76,31,9.8
203081,Damian Lillard,1610612757,POR,32.0,Damian,3.7,6.0,0.617,0.5,1.1,0.46,0.5,1.0,0.536,0.5,0.8,0.563,0.7,1.8,0.376,3.1,8.0,0.383,0.6,1.9,0.327,0.1,0.3,0.3,0.0,0.1,0.4,8.7,9.5,0.915,57,36.4
1627814,Damion Lee,1610612756,PHX,30.0,Damion,0.5,1.0,0.521,0.2,0.6,0.381,0.3,0.6,0.455,0.1,0.4,0.4,0.9,1.9,0.471,0.6,1.6,0.402,0.0,0.0,0.0,0.0,0.0,0.0,0.0,0.0,0.0,1.3,1.5,0.902,70,20.7
1629655,Daniel Gafford,1610612764,WAS,24.0,Daniel,3.0,3.8,0.81,0.4,0.8,0.491,0.0,0.1,0.6,0.0,0.1,0.333,0.0,0.0,0.0,0.0,0.0,0.0,0.0,0.0,0.0,0.0,0.0,0.0,0.0,0.0,0.0,1.5,2.3,0.658,70,19.8
1628464,Daniel Theis,1610612754,IND,30.0,Daniel,1.9,3.0,0.619,0.6,0.9,0.667,0.3,0.6,0.5,0.0,0.3,0.0,0.1,0.4,0.333,0.1,1.0,0.143,0.0,0.0,0.0,0.0,0.0,0.0,0.0,0.2,0.0,0.7,1.7,0.417,7,15.5
201980,Danny Green,1610612739,CLE,35.0,Danny,0.0,0.0,0.0,0.0,0.2,0.0,0.1,0.3,0.5,0.0,0.1,0.0,0.4,1.0,0.444,0.4,1.0,0.444,0.0,0.0,0.0,0.0,0.0,0.0,0.0,0.0,0.0,0.1,0.1,1.0,9,9.8
1627863,Danuel House Jr.,1610612755,PHI,29.0,Danuel,0.7,0.8,0.769,0.1,0.2,0.556,0.0,0.0,1.0,0.1,0.1,0.75,0.4,1.1,0.333,0.3,0.8,0.342,0.1,0.1,0.5,0.0,0.0,0.0,0.0,0.0,0.0,0.7,0.9,0.705,47,14.2
203967,Dario Saric,1610612760,OKC,28.0,Dario,1.2,1.7,0.694,0.2,0.7,0.316,0.1,0.3,0.375,0.0,0.2,0.091,0.3,0.8,0.372,0.5,1.3,0.373,0.0,0.0,0.0,0.0,0.0,0.0,0.0,0.0,0.0,1.1,1.3,0.838,52,14.3
1629647,Darius Bazley,1610612756,PHX,22.0,Darius,1.2,2.4,0.505,0.1,0.2,0.25,0.1,0.2,0.556,0.0,0.2,0.0,0.3,0.6,0.5,0.2,0.7,0.296,0.0,0.0,0.0,0.0,0.0,0.0,0.0,0.0,0.0,0.9,1.7,0.552,39,14.9
1630620,Darius Days,1610612745,HOU,23.0,Darius,0.5,0.5,1.0,0.0,0.0,0.0,0.0,0.0,0.0,0.0,0.0,0.0,0.5,1.5,0.333,0.3,1.0,0.25,0.0,0.0,0.0,0.0,0.0,0.0,0.0,0.0,0.0,0.5,0.5,1.0,4,6.2
1629636,Darius Garland,1610612739,CLE,23.0,Darius,2.0,3.5,0.563,1.4,2.8,0.489,1.0,1.9,0.538,0.5,1.5,0.359,0.7,1.6,0.434,1.9,4.6,0.413,0.2,0.5,0.44,0.0,0.0,0.0,0.0,0.0,0.0,4.1,4.8,0.854,63,35.1
1630561,David Duke Jr.,1610612751,BKN,23.0,David,1.4,2.6,0.553,0.0,0.1,0.0,0.0,0.1,0.0,0.1,0.1,0.5,0.0,0.3,0.0,0.1,0.2,0.333,0.0,0.0,0.0,0.0,0.0,0.0,0.0,0.0,0.0,0.3,0.5,0.556,18,9.6
1631223,David Roddy,1610612763,MEM,21.0,David,1.3,2.0,0.65,0.2,0.6,0.375,0.1,0.2,0.545,0.0,0.0,0.0,0.5,1.7,0.303,0.4,1.3,0.307,0.0,0.0,0.0,0.0,0.0,0.0,0.0,0.0,0.0,0.6,1.0,0.61,59,16.9
1630558,Davion Mitchell,1610612758,SAC,24.0,Davion,1.0,1.5,0.657,0.1,0.3,0.526,0.1,0.2,0.455,0.2,0.5,0.41,0.3,1.0,0.324,0.5,1.5,0.369,0.0,0.0,0.0,0.0,0.0,0.0,0.0,0.0,0.0,0.3,0.4,0.786,71,17.9
202722,Davis Bertans,1610612742,DAL,30.0,Davis,0.2,0.3,0.615,0.0,0.0,1.0,0.0,0.0,1.0,0.0,0.0,1.0,0.6,1.2,0.489,0.6,1.7,0.338,0.0,0.2,0.0,0.0,0.0,0.0,0.0,0.0,0.0,0.3,0.3,0.833,40,10.8
1628432,Davon Reed,1610612747,LAL,27.0,Davon,0.1,0.2,0.444,0.0,0.3,0.1,0.0,0.3,0.125,0.1,0.2,0.571,0.2,0.6,0.333,0.3,0.7,0.357,0.0,0.0,0.0,0.0,0.0,0.0,0.0,0.0,0.0,0.4,0.6,0.667,40,8.4
1630549,Day'Ron Sharpe,1610612751,BKN,21.0,Day'Ron,1.7,2.8,0.596,0.1,0.5,0.167,0.0,0.1,0.333,0.0,0.0,0.0,0.1,0.2,0.5,0.1,0.2,0.6,0.0,0.0,0.0,0.0,0.0,0.0,0.0,0.0,0.0,0.6,0.9,0.639,38,11.3
1628368,De'Aaron Fox,1610612758,SAC,25.0,De'Aaron,3.3,4.4,0.754,1.8,3.3,0.542,1.5,3.1,0.49,1.0,2.0,0.466,0.7,2.1,0.328,1.2,3.3,0.358,0.0,0.0,0.5,0.0,0.0,0.0,0.0,0.0,0.0,4.8,6.2,0.769,65,34.0
1629631,De'Andre Hunter,1610612737,ATL,25.0,De'Andre,1.6,2.8,0.579,0.5,1.2,0.416,1.1,2.1,0.508,0.8,1.5,0.538,1.0,2.7,0.367,0.7,2.0,0.35,0.0,0.0,0.0,0.0,0.0,0.0,0.0,0.0,0.0,2.7,3.3,0.822,62,31.9
1629001,De'Anthony Melton,1610612755,PHI,24.0,De'Anthony,1.1,2.1,0.535,0.2,0.5,0.371,0.1,0.3,0.316,0.1,0.2,0.467,0.7,1.9,0.381,1.5,3.5,0.416,0.0,0.0,0.0,0.0,0.0,0.0,0.0,0.0,0.0,0.8,1.0,0.8,68,28.0
201599,DeAndre Jordan,1610612743,DEN,34.0,DeAndre,2.1,2.6,0.804,0.0,0.1,0.0,0.0,0.0,0.0,0.0,0.0,0.0,0.0,0.0,0.0,0.0,0.0,1.0,0.0,0.0,0.0,0.0,0.0,0.0,0.0,0.0,0.0,0.5,1.2,0.439,35,14.3
201942,DeMar DeRozan,1610612741,CHI,33.0,DeMar,2.5,3.7,0.675,0.8,1.5,0.505,2.0,3.8,0.533,2.5,5.4,0.466,1.1,2.5,0.423,0.3,1.0,0.328,0.0,0.0,0.0,0.0,0.0,0.0,0.0,0.0,0.0,6.5,7.4,0.87,65,36.8
1629731,Dean Wade,1610612739,CLE,26.0,Dean,0.6,0.8,0.667,0.0,0.0,0.0,0.1,0.2,0.286,0.0,0.1,0.0,0.5,1.3,0.385,0.5,1.5,0.316,0.0,0.0,0.0,0.0,0.0,0.0,0.0,0.0,0.0,0.4,0.6,0.652,39,19.9
1629028,Deandre Ayton,1610612756,PHX,24.0,Deandre,4.3,5.5,0.784,1.7,3.4,0.481,1.1,2.5,0.434,0.8,1.7,0.481,0.0,0.1,0.167,0.1,0.3,0.333,0.0,0.0,0.0,0.0,0.0,0.0,0.0,0.0,0.0,2.2,3.0,0.751,61,30.4
1627749,Dejounte Murray,1610612737,ATL,26.0,Dejounte,2.2,3.4,0.633,0.9,2.1,0.426,1.6,3.4,0.48,1.6,3.4,0.466,0.9,2.3,0.382,1.1,3.3,0.33,0.0,0.0,0.5,0.0,0.0,0.0,0.0,0.0,0.0,2.0,2.5,0.827,66,36.4
1626153,Delon Wright,1610612764,WAS,30.0,Delon,1.2,1.7,0.703,0.2,0.8,0.257,0.1,0.3,0.385,0.1,0.2,0.714,0.3,0.8,0.343,0.5,1.4,0.39,0.0,0.0,0.0,0.0,0.0,0.0,0.0,0.1,0.0,0.9,1.0,0.909,43,23.8
1630166,Deni Avdija,1610612764,WAS,22.0,Deni,1.9,3.1,0.62,0.2,0.8,0.281,0.1,0.3,0.211,0.0,0.1,0.0,0.3,1.0,0.333,0.6,2.0,0.281,0.0,0.0,0.0,0.0,0.0,0.0,0.0,0.0,0.0,1.6,2.1,0.757,70,26.0
203471,Dennis Schroder,1610612747,LAL,29.0,Dennis,1.3,2.6,0.493,0.5,1.1,0.455,0.6,1.4,0.432,0.5,1.3,0.408,0.5,1.4,0.367,0.7,2.2,0.326,0.0,0.0,0.0,0.0,0.0,0.0,0.0,0.0,1.0,3.2,3.7,0.87,58,30.5
1628372,Dennis Smith Jr.,1610612766,CHA,25.0,Dennis,2.1,3.5,0.583,0.4,1.2,0.344,0.2,0.6,0.367,0.2,0.8,0.293,0.2,0.9,0.234,0.3,1.2,0.217,0.0,0.1,0.0,0.0,0.1,0.0,0.0,0.0,0.0,1.4,1.9,0.735,51,25.7
1629126,Deonte Burton,1610612758,SAC,29.0,Deonte,0.0,0.0,0.0,0.0,1.0,0.0,0.0,0.0,0.0,0.0,0.0,0.0,0.0,0.5,0.0,0.0,0.0,0.0,,,,,,,,,,0.0,0.0,0.0,2,3.2
1631220,Dereon Seabron,1610612740,NOP,22.0,Dereon,0.4,0.6,0.667,0.0,0.7,0.0,0.0,0.0,0.0,0.0,0.0,0.0,0.0,0.0,0.0,0.0,0.0,0.0,0.0,0.0,0.0,,,,,,,0.0,0.0,0.0,5,2.3
1627884,Derrick Jones Jr.,1610612741,CHI,26.0,Derrick,1.3,2.1,0.621,0.0,0.2,0.222,0.0,0.0,0.5,0.0,0.0,0.0,0.3,0.8,0.333,0.1,0.3,0.294,0.0,0.0,0.0,0.0,0.0,0.0,0.0,0.0,0.0,1.0,1.4,0.767,54,13.6
201565,Derrick Rose,1610612752,NYK,34.0,Derrick,0.8,1.7,0.489,0.4,1.0,0.385,0.3,0.5,0.583,0.1,0.4,0.273,0.3,1.0,0.346,0.4,1.4,0.263,0.0,0.1,0.0,0.0,0.0,0.0,0.0,0.0,0.0,0.4,0.4,0.917,27,12.5
1628401,Derrick White,1610612738,BOS,28.0,Derrick,1.4,2.3,0.618,0.6,1.2,0.489,0.3,0.7,0.521,0.1,0.2,0.333,0.8,1.8,0.407,1.0,2.8,0.358,0.0,0.0,0.0,0.0,0.0,0.0,0.0,0.0,0.0,2.0,2.3,0.874,73,28.2
1630217,Desmond Bane,1610612763,MEM,24.0,Desmond,2.9,4.9,0.587,0.8,2.1,0.394,0.5,1.1,0.455,0.4,0.7,0.486,1.3,2.3,0.539,1.7,4.6,0.361,0.0,0.3,0.1,0.0,0.0,1.0,0.0,0.0,0.0,3.1,3.6,0.885,49,31.3
1626164,Devin Booker,1610612756,PHX,26.0,Devin,2.9,4.4,0.649,1.4,2.8,0.496,1.9,3.6,0.522,1.7,3.2,0.514,1.1,2.4,0.458,1.4,4.3,0.33,0.0,0.1,0.333,0.0,0.1,0.0,0.0,0.0,0.0,5.2,6.2,0.841,44,34.5
1630170,Devin Vassell,1610612759,SAS,22.0,Devin,1.7,2.8,0.6,0.3,0.8,0.31,0.8,2.2,0.363,1.3,2.6,0.5,1.1,2.3,0.47,1.8,4.8,0.386,0.1,0.3,0.4,0.0,0.1,0.0,0.0,0.1,0.0,2.1,2.6,0.789,36,31.2
1629653,Devon Dotson,1610612764,WAS,23.0,Devon,0.0,0.0,0.0,0.0,0.6,0.0,0.0,0.2,0.0,0.0,0.4,0.0,0.0,0.5,0.0,0.2,0.2,1.0,0.0,0.0,0.0,0.0,0.0,0.0,0.0,0.0,0.0,0.0,0.0,0.0,6,8.9
1628984,Devonte' Graham,1610612759,SAS,28.0,Devonte',0.2,0.5,0.484,0.1,0.3,0.471,0.1,0.2,0.583,0.1,0.3,0.412,0.4,1.1,0.338,1.3,3.5,0.369,0.0,0.1,0.0,0.0,0.0,0.0,0.0,0.1,0.25,1.3,1.7,0.759,67,17.9
203473,Dewayne Dedmon,1610612755,PHI,33.0,Dewayne,1.1,1.8,0.617,0.5,0.8,0.6,0.1,0.3,0.444,0.0,0.0,1.0,0.1,0.3,0.364,0.2,0.8,0.259,0.0,0.0,0.0,0.0,0.0,0.0,0.0,0.0,0.0,1.0,1.4,0.696,33,11.0
1628415,Dillon Brooks,1610612763,MEM,27.0,Dillon,1.6,3.0,0.542,0.6,1.8,0.362,0.8,1.8,0.456,0.3,1.0,0.302,0.7,2.1,0.331,1.3,4.0,0.322,0.0,0.0,0.0,0.0,0.0,0.0,0.0,0.0,0.0,1.6,2.1,0.793,65,30.5
1627734,Domantas Sabonis,1610612758,SAC,26.0,Domantas,5.5,8.0,0.693,0.8,1.6,0.477,0.2,0.4,0.481,0.3,0.6,0.422,0.2,0.5,0.417,0.3,0.8,0.358,0.0,0.0,0.0,0.0,0.0,0.0,0.0,0.0,0.0,4.2,5.6,0.761,70,34.8
1631230,Dominick Barlow,1610612759,SAS,19.0,Dominick,1.0,1.8,0.563,0.1,0.1,0.5,0.1,0.4,0.286,0.1,0.1,0.5,0.0,0.2,0.0,0.0,0.1,0.0,0.0,0.0,0.0,0.0,0.0,0.0,0.0,0.0,0.0,0.6,0.8,0.667,18,12.1
1628378,Donovan Mitchell,1610612739,CLE,26.0,Donovan,3.4,5.1,0.672,1.1,2.1,0.511,0.7,1.4,0.483,0.7,1.7,0.417,0.8,2.2,0.36,2.9,7.4,0.39,0.1,0.3,0.313,0.0,0.0,1.0,0.0,0.1,0.0,4.5,5.2,0.873,62,35.5
1628978,Donte DiVincenzo,1610612744,GSW,26.0,Donte,0.8,1.4,0.571,0.1,0.4,0.321,0.1,0.2,0.308,0.0,0.1,0.429,0.6,1.5,0.392,1.5,3.6,0.417,0.0,0.2,0.091,0.0,0.0,0.0,0.0,0.0,0.0,0.8,0.9,0.842,63,26.6
1627827,Dorian Finney-Smith,1610612751,BKN,29.0,Dorian,1.2,1.9,0.593,0.1,0.3,0.2,0.0,0.1,0.0,0.0,0.0,0.5,1.0,2.8,0.341,0.8,2.3,0.326,0.0,0.0,0.0,0.0,0.0,0.0,0.0,0.0,0.0,0.7,0.9,0.75,58,31.0
203926,Doug McDermott,1610612759,SAS,31.0,Doug,1.2,1.9,0.605,0.4,0.8,0.458,0.2,0.4,0.417,0.0,0.2,0.077,0.7,1.6,0.415,1.3,3.0,0.434,0.0,0.0,1.0,0.0,0.0,0.0,0.0,0.0,0.0,0.7,0.9,0.714,60,20.7
203110,Draymond Green,1610612744,GSW,33.0,Draymond,2.1,3.1,0.678,0.5,1.2,0.473,0.1,0.3,0.375,0.0,0.1,0.5,0.3,0.7,0.37,0.3,1.0,0.299,0.0,0.0,0.0,0.0,0.0,0.0,0.0,0.0,0.0,1.1,1.5,0.704,64,31.5
1629234,Drew Eubanks,1610612757,POR,26.0,Drew,1.8,2.4,0.779,0.4,0.8,0.545,0.2,0.3,0.455,0.0,0.1,0.429,0.0,0.1,0.6,0.0,0.0,0.5,0.0,0.0,0.0,0.0,0.0,0.0,0.0,0.0,0.0,1.0,1.5,0.66,69,19.7
1630696,Dru Smith,1610612751,BKN,25.0,Dru,0.7,1.0,0.667,0.3,0.5,0.6,0.4,0.7,0.667,0.0,0.0,0.0,0.4,0.9,0.444,0.1,1.0,0.1,,,,0.0,0.0,0.0,0.0,0.0,0.0,0.1,0.1,1.0,10,12.4
1630613,Duane Washington Jr.,1610612752,NYK,22.0,Duane,0.7,1.7,0.392,0.4,1.0,0.367,0.4,1.0,0.379,0.3,0.9,0.32,0.6,1.6,0.4,0.8,2.3,0.352,0.1,0.1,0.5,0.0,0.1,0.0,0.0,0.1,0.0,0.5,0.8,0.667,31,12.7
1629130,Duncan Robinson,1610612748,MIA,28.0,Duncan,0.4,0.5,0.75,0.1,0.3,0.333,0.1,0.1,0.5,0.1,0.2,0.4,0.4,1.4,0.313,1.1,3.2,0.327,0.1,0.1,1.0,0.0,0.0,0.0,0.0,0.0,0.0,0.7,0.7,0.92,35,16.5
203939,Dwight Powell,1610612742,DAL,31.0,Dwight,2.5,3.3,0.754,0.1,0.1,0.6,0.0,0.0,0.0,0.0,0.0,0.0,0.0,0.1,0.25,0.0,0.0,0.0,0.0,0.0,0.0,0.0,0.0,0.0,0.0,0.0,0.0,1.6,2.4,0.681,67,19.9
1629685,Dylan Windler,1610612739,CLE,26.0,Dylan,0.5,0.5,1.0,0.0,0.0,0.0,0.0,0.0,0.0,0.0,0.0,0.0,0.5,0.5,1.0,0.0,0.5,0.0,0.0,0.0,0.0,0.0,0.0,0.0,0.0,0.0,0.0,0.0,0.0,0.0,2,4.0
1630700,Dyson Daniels,1610612740,NOP,20.0,Dyson,0.9,1.4,0.609,0.2,0.5,0.32,0.1,0.2,0.333,0.0,0.0,0.0,0.3,0.7,0.438,0.2,0.8,0.2,0.0,0.0,0.0,0.0,0.0,0.0,0.0,0.1,0.0,0.5,0.7,0.622,50,18.6
1628410,Edmond Sumner,1610612751,BKN,27.0,Edmond,1.4,2.5,0.562,0.1,0.5,0.28,0.1,0.3,0.25,0.1,0.2,0.625,0.5,1.2,0.393,0.2,0.6,0.355,0.0,0.0,0.0,0.0,0.0,0.0,0.0,0.0,0.0,1.9,2.1,0.929,48,14.4
201569,Eric Gordon,1610612746,LAC,34.0,Eric,1.8,3.0,0.606,0.5,1.2,0.408,0.2,0.4,0.417,0.0,0.0,0.333,0.2,0.7,0.375,1.4,4.0,0.357,0.3,0.6,0.407,0.0,0.0,0.0,0.0,0.0,0.0,2.1,2.6,0.813,61,29.2
1630647,Eugene Omoruyi,1610612765,DET,26.0,Eugene,1.9,3.0,0.636,0.0,0.3,0.111,0.0,0.1,0.333,0.0,0.0,0.0,0.3,1.1,0.278,0.1,0.7,0.143,0.1,0.1,1.0,0.0,0.0,0.0,0.0,0.1,0.0,0.9,1.3,0.659,33,14.7
203095,Evan Fournier,1610612752,NYK,30.0,Evan,0.3,0.7,0.412,0.2,0.4,0.556,0.2,0.7,0.333,0.1,0.3,0.429,0.8,1.9,0.409,0.7,2.5,0.259,0.0,0.0,0.0,0.0,0.0,0.0,0.0,0.1,0.0,0.8,0.9,0.857,23,18.0
1630596,Evan Mobley,1610612739,CLE,21.0,Evan,4.5,5.9,0.754,1.1,2.8,0.394,0.5,1.4,0.37,0.2,0.5,0.472,0.1,0.7,0.154,0.2,0.7,0.28,0.0,0.0,0.0,0.0,0.0,0.0,0.0,0.0,0.0,2.7,3.9,0.682,72,34.3
1630267,Facundo Campazzo,1610612742,DAL,31.0,Facundo,0.0,0.3,0.0,0.0,0.0,0.0,0.0,0.0,0.0,0.0,0.0,0.0,0.3,0.6,0.5,0.2,1.4,0.143,0.0,0.0,0.0,,,,0.0,0.0,0.0,0.1,0.3,0.5,8,6.5
1628402,Frank Jackson,1610612762,UTA,24.0,Frank,0.0,0.0,0.0,0.0,1.0,0.0,0.0,1.0,0.0,,,,0.0,0.0,0.0,0.0,1.0,0.0,0.0,0.0,0.0,,,,,,,0.0,0.0,0.0,1,5.1
1626163,Frank Kaminsky,1610612745,HOU,29.0,Frank,0.3,0.4,0.667,0.1,0.3,0.5,0.0,0.1,0.333,0.0,0.0,1.0,0.2,0.3,0.6,0.3,0.8,0.333,0.0,0.0,0.0,0.0,0.0,0.0,0.0,0.0,0.0,0.4,0.5,0.875,33,6.4
1628373,Frank Ntilikina,1610612742,DAL,24.0,Frank,0.3,0.6,0.458,0.0,0.1,0.167,0.1,0.2,0.429,0.1,0.2,0.833,0.2,0.8,0.258,0.2,0.7,0.31,0.0,0.0,0.0,0.0,0.0,0.0,0.0,0.0,0.0,0.4,0.6,0.667,43,11.5
1630532,Franz Wagner,1610612753,ORL,21.0,Franz,3.9,6.0,0.645,0.7,2.1,0.344,0.4,0.8,0.458,0.2,0.4,0.444,0.5,1.3,0.398,1.2,3.3,0.357,0.0,0.1,0.333,0.0,0.0,0.0,0.0,0.0,0.0,3.3,4.0,0.836,72,33.0
1627832,Fred VanVleet,1610612761,TOR,29.0,Fred,1.7,3.1,0.529,0.4,1.1,0.324,0.5,1.2,0.386,0.8,1.6,0.459,0.9,2.3,0.415,2.2,6.2,0.356,0.1,0.6,0.241,0.0,0.2,0.0,0.0,0.1,0.0,3.6,4.0,0.891,60,37.0
1627788,Furkan Korkmaz,1610612755,PHI,25.0,Furkan,0.6,0.9,0.615,0.0,0.4,0.1,0.1,0.2,0.6,0.0,0.2,0.25,0.3,0.7,0.438,0.2,0.8,0.304,0.0,0.0,0.0,0.0,0.0,0.0,0.0,0.1,0.0,0.7,1.0,0.667,29,9.4
1629216,Gabe Vincent,1610612748,MIA,26.0,Gabe,0.6,1.2,0.559,0.3,0.7,0.439,0.2,0.6,0.424,0.3,0.6,0.559,0.7,2.0,0.353,1.0,3.2,0.321,0.0,0.2,0.143,0.0,0.0,0.0,0.0,0.0,0.0,1.1,1.2,0.889,59,26.3
202066,Garrett Temple,1610612740,NOP,36.0,Garrett,0.3,0.7,0.429,0.0,0.0,0.0,0.0,0.1,0.0,0.0,0.0,0.0,0.2,0.6,0.333,0.3,0.6,0.417,0.0,0.0,0.0,0.0,0.0,0.0,0.0,0.1,0.0,0.1,0.2,0.75,21,7.0
1629726,Garrison Mathews,1610612737,ATL,26.0,Garrison,0.1,0.2,0.5,0.0,0.0,0.0,0.0,0.0,0.0,0.0,0.0,1.0,0.4,1.1,0.396,0.7,2.1,0.314,0.0,0.1,0.25,0.0,0.0,0.0,0.0,0.0,0.0,0.9,1.0,0.896,49,12.8
203914,Gary Harris,1610612753,ORL,28.0,Gary,0.8,1.4,0.579,0.1,0.2,0.4,0.0,0.1,0.0,0.0,0.2,0.286,1.1,2.4,0.471,0.9,2.2,0.404,0.0,0.0,1.0,0.0,0.0,0.0,0.0,0.0,0.0,0.6,0.7,0.9,42,25.0
1627780,Gary Payton II,1610612744,GSW,30.0,Gary,1.0,1.5,0.682,0.0,0.1,0.0,0.0,0.1,0.0,0.0,0.0,0.0,0.5,0.9,0.5,0.1,0.2,0.667,0.0,0.0,0.0,0.0,0.0,0.0,0.0,0.0,0.0,0.3,0.3,1.0,15,17.0
1629018,Gary Trent Jr.,1610612761,TOR,24.0,Gary,1.5,2.3,0.644,0.6,1.3,0.443,0.6,1.4,0.437,0.8,1.8,0.443,0.9,2.7,0.353,1.8,4.9,0.372,0.0,0.1,0.667,0.0,0.0,0.0,0.0,0.0,0.0,2.6,3.1,0.838,63,32.6
201588,George Hill,1610612754,IND,36.0,George,0.7,0.9,0.711,0.1,0.3,0.2,0.1,0.1,0.667,0.2,0.3,0.8,0.4,1.1,0.357,0.3,1.0,0.326,0.0,0.0,0.0,0.0,0.0,0.0,0.0,0.1,0.0,0.9,1.2,0.75,41,18.7
1627777,Georges Niang,1610612755,PHI,29.0,Georges,0.6,1.0,0.642,0.1,0.3,0.455,0.1,0.1,0.4,0.0,0.0,0.5,0.6,1.5,0.424,1.4,3.5,0.394,0.0,0.0,0.0,0.0,0.0,0.0,0.0,0.0,0.0,0.5,0.6,0.842,68,19.2
203507,Giannis Antetokounmpo,1610612749,MIL,28.0,Giannis,8.7,12.4,0.707,0.4,1.6,0.217,0.4,1.3,0.293,0.8,2.1,0.375,0.1,0.4,0.25,0.8,2.5,0.3,0.0,0.1,0.0,0.0,0.0,0.0,0.0,0.0,0.0,8.2,12.6,0.649,56,32.5
1629048,Goga Bitadze,1610612753,ORL,23.0,Goga,1.1,1.7,0.688,0.1,0.3,0.333,0.0,0.0,0.0,0.0,0.1,0.0,0.0,0.1,0.333,0.1,0.6,0.25,0.0,0.0,0.0,0.0,0.0,0.0,0.0,0.0,0.0,0.5,1.1,0.469,29,10.4
201609,Goran Dragic,1610612749,MIL,36.0,Goran,0.8,1.4,0.563,0.2,0.5,0.4,0.3,0.9,0.354,0.3,0.5,0.56,0.4,1.0,0.34,0.5,1.5,0.373,0.0,0.0,0.0,0.0,0.1,0.0,0.0,0.0,0.0,0.5,0.8,0.659,51,15.4
202330,Gordon Hayward,1610612766,CHA,32.0,Gordon,1.6,2.2,0.724,0.9,1.9,0.472,0.9,1.9,0.461,0.8,1.8,0.435,0.6,1.3,0.452,0.6,2.3,0.278,0.0,0.0,0.0,0.0,0.0,0.0,0.0,0.0,0.0,2.5,3.1,0.801,47,31.5
203476,Gorgui Dieng,1610612759,SAS,33.0,Gorgui,0.4,0.7,0.647,0.0,0.1,0.5,0.1,0.3,0.333,0.1,0.1,1.0,0.1,0.5,0.273,0.4,1.7,0.22,0.0,0.1,0.0,0.0,0.0,0.0,0.0,0.0,0.0,0.2,0.2,0.833,25,10.0
1629684,Grant Williams,1610612738,BOS,24.0,Grant,0.8,1.3,0.613,0.3,0.7,0.471,0.1,0.3,0.368,0.0,0.1,0.25,0.8,1.8,0.43,0.7,1.9,0.392,0.0,0.0,0.0,0.0,0.0,0.0,0.0,0.0,0.0,1.2,1.5,0.804,70,26.6
1628960,Grayson Allen,1610612749,MIL,27.0,Grayson,1.2,1.9,0.605,0.1,0.3,0.273,0.2,0.4,0.429,0.0,0.1,0.0,0.6,1.4,0.415,1.4,3.5,0.394,0.1,0.3,0.385,0.0,0.1,0.0,0.0,0.0,0.0,1.6,1.8,0.904,65,27.8
1630535,Greg Brown III,1610612757,POR,21.0,Greg,0.7,1.2,0.556,0.0,0.1,0.0,0.0,0.0,0.0,0.0,0.1,0.0,0.1,0.4,0.2,0.0,0.2,0.0,0.0,0.0,0.0,0.0,0.0,0.0,0.0,0.0,0.0,0.3,0.8,0.417,16,5.8
1628977,Hamidou Diallo,1610612765,DET,24.0,Hamidou,2.8,3.9,0.706,0.4,1.1,0.356,0.3,0.7,0.45,0.2,0.5,0.4,0.1,0.3,0.412,0.0,0.1,0.143,0.0,0.0,0.0,0.0,0.0,0.0,0.0,0.0,0.0,1.6,2.6,0.588,56,17.8
203084,Harrison Barnes,1610612758,SAC,30.0,Harrison,2.2,3.3,0.653,0.5,1.3,0.358,0.2,0.4,0.375,0.1,0.1,0.625,0.8,2.1,0.4,0.8,2.3,0.349,0.0,0.0,1.0,0.0,0.0,0.0,0.0,0.0,0.0,4.2,5.0,0.847,72,32.7
1629312,Haywood Highsmith,1610612748,MIA,26.0,Haywood,0.8,1.2,0.661,0.1,0.4,0.278,0.1,0.3,0.333,0.0,0.1,0.333,0.5,1.4,0.365,0.3,1.0,0.349,0.0,0.0,0.0,0.0,0.0,0.0,0.0,0.0,0.0,0.3,0.5,0.462,48,18.3
1630529,Herbert Jones,1610612740,NOP,24.0,Herbert,2.5,3.9,0.632,0.1,0.7,0.216,0.1,0.1,0.375,0.0,0.0,0.0,0.6,2.0,0.292,0.2,0.9,0.271,0.0,0.0,0.0,0.0,0.0,0.0,0.0,0.0,0.0,1.9,2.5,0.739,56,29.0
1630193,Immanuel Quickley,1610612752,NYK,23.0,Immanuel,1.2,2.0,0.603,0.8,1.6,0.522,0.7,1.3,0.511,0.2,0.4,0.367,0.8,2.5,0.317,1.2,3.0,0.389,0.0,0.0,0.0,0.0,0.0,0.0,0.0,0.0,0.0,2.2,2.7,0.824,72,28.4
1630171,Isaac Okoro,1610612739,CLE,22.0,Isaac,1.3,2.0,0.66,0.1,0.4,0.37,0.0,0.0,0.667,0.0,0.0,0.0,0.7,2.1,0.362,0.1,0.2,0.267,0.0,0.0,0.0,0.0,0.0,0.0,0.0,0.0,0.0,1.0,1.4,0.752,74,21.8
1628392,Isaiah Hartenstein,1610612752,NYK,24.0,Isaiah,1.5,2.5,0.591,0.3,0.5,0.564,0.2,0.5,0.412,0.0,0.0,0.0,0.1,0.4,0.286,0.0,0.1,0.0,0.0,0.0,0.0,0.0,0.0,0.0,0.0,0.0,0.0,0.6,0.8,0.746,73,19.7
1630543,Isaiah Jackson,1610612754,IND,21.0,Isaiah,2.4,3.7,0.644,0.1,0.5,0.269,0.0,0.1,0.143,0.1,0.1,0.857,0.0,0.1,0.2,0.0,0.2,0.125,0.0,0.0,0.0,0.0,0.0,0.0,0.0,0.0,0.0,1.4,2.2,0.65,53,15.4
1630198,Isaiah Joe,1610612760,OKC,23.0,Isaiah,0.3,0.5,0.677,0.1,0.2,0.333,0.1,0.2,0.583,0.2,0.5,0.519,0.7,1.5,0.49,1.6,3.8,0.405,0.1,0.2,0.5,0.0,0.0,0.0,0.0,0.0,0.0,0.9,1.0,0.821,64,18.3
1630587,Isaiah Livers,1610612765,DET,24.0,Isaiah,0.5,0.6,0.724,0.0,0.2,0.25,0.1,0.2,0.545,0.2,0.4,0.4,0.7,1.8,0.386,0.7,2.0,0.341,0.0,0.1,0.333,0.0,0.0,0.0,0.0,0.1,0.0,0.5,0.7,0.767,46,22.4
1630600,Isaiah Mobley,1610612739,CLE,23.0,Isaiah,0.3,0.4,0.667,0.3,0.5,0.667,0.0,0.0,0.0,0.0,0.1,0.0,0.2,0.2,1.0,0.0,0.3,0.0,0.0,0.0,0.0,,,,0.0,0.0,0.0,0.0,0.0,0.0,9,3.4
1629676,Isaiah Roby,1610612759,SAS,25.0,Isaiah,0.8,1.3,0.607,0.3,0.7,0.429,0.0,0.1,0.25,0.1,0.2,0.333,0.2,0.5,0.35,0.3,1.0,0.268,0.0,0.0,0.0,0.0,0.0,0.0,0.0,0.0,0.0,0.5,1.0,0.488,42,11.3
1630191,Isaiah Stewart,1610612765,DET,21.0,Isaiah,2.0,3.7,0.546,0.4,0.8,0.475,0.0,0.1,0.667,0.1,0.1,0.857,0.7,1.8,0.363,0.7,2.3,0.298,0.0,0.0,0.0,0.0,0.0,0.0,0.0,0.0,0.0,2.2,3.0,0.738,50,28.3
1630225,Isaiah Todd,1610612764,WAS,21.0,Isaiah,0.0,0.0,0.0,0.3,0.3,1.0,0.0,0.0,0.0,0.0,0.0,0.0,0.0,0.5,0.0,0.0,0.3,0.0,0.0,0.0,0.0,,,,,,,0.0,0.0,0.0,4,3.1
202397,Ish Smith,1610612743,DEN,34.0,Ish,0.4,0.7,0.56,0.1,0.1,0.5,0.2,0.8,0.273,0.6,1.3,0.463,0.1,0.2,0.5,0.0,0.1,0.0,0.0,0.0,0.0,0.0,0.0,0.0,0.0,0.0,0.0,0.0,0.1,0.5,36,9.0
1630688,Ish Wainright,1610612756,PHX,28.0,Ish,0.4,0.8,0.538,0.0,0.1,0.286,0.0,0.0,0.5,0.0,0.0,0.0,0.6,1.8,0.333,0.4,1.1,0.351,0.0,0.0,0.0,0.0,0.0,0.0,0.0,0.1,0.0,0.4,0.5,0.852,53,15.3
1627826,Ivica Zubac,1610612746,LAC,26.0,Ivica,3.5,5.3,0.654,0.6,1.2,0.525,0.1,0.1,0.444,0.0,0.0,0.667,0.0,0.0,0.0,0.0,0.0,0.0,0.0,0.0,0.0,0.0,0.0,0.0,0.0,0.0,0.0,2.2,3.1,0.707,67,29.0
1631120,JD Davison,1610612738,BOS,20.0,JD,0.3,0.4,0.667,0.0,0.3,0.0,0.0,0.8,0.0,0.3,0.3,1.0,0.0,0.0,0.0,0.0,0.4,0.0,0.0,0.0,0.0,0.0,0.0,0.0,0.0,0.0,0.0,0.0,0.0,0.0,8,2.3
1630550,JT Thor,1610612766,CHA,20.0,JT,0.4,0.7,0.568,0.2,0.3,0.632,0.1,0.3,0.286,0.0,0.0,0.0,0.3,1.0,0.339,0.1,0.5,0.133,0.0,0.0,1.0,0.0,0.1,0.0,0.0,0.0,0.0,0.3,0.5,0.645,60,11.9
1629630,Ja Morant,1610612763,MEM,23.0,Ja,5.0,8.4,0.596,1.3,3.6,0.366,1.3,2.8,0.47,0.2,0.6,0.344,0.6,1.3,0.448,1.0,3.5,0.296,0.1,0.4,0.286,0.0,0.1,0.25,0.0,0.1,0.167,6.4,8.5,0.744,53,32.5
203210,JaMychal Green,1610612744,GSW,32.0,JaMychal,1.5,2.1,0.709,0.1,0.2,0.455,0.0,0.1,0.5,0.0,0.1,0.286,0.3,0.9,0.362,0.4,1.1,0.383,0.0,0.0,0.0,0.0,0.0,0.0,0.0,0.0,0.0,0.9,1.2,0.766,53,14.3
201580,JaVale McGee,1610612742,DAL,35.0,JaVale,1.4,1.9,0.708,0.3,0.8,0.407,0.1,0.1,0.5,0.0,0.0,0.0,0.0,0.1,0.0,0.0,0.1,0.5,0.0,0.0,0.0,0.0,0.0,0.0,0.0,0.0,0.0,0.5,0.9,0.588,37,8.0
1631095,Jabari Smith Jr.,1610612745,HOU,19.0,Jabari,1.6,2.4,0.648,0.4,1.2,0.388,0.4,1.0,0.394,0.4,1.2,0.383,0.6,1.6,0.381,1.0,3.7,0.268,0.0,0.0,0.0,0.0,0.0,0.0,0.0,0.0,0.0,2.0,2.6,0.773,69,30.7
1631133,Jabari Walker,1610612757,POR,20.0,Jabari,0.7,1.4,0.516,0.1,0.2,0.429,0.0,0.1,0.0,0.1,0.1,0.667,0.0,0.3,0.154,0.1,0.4,0.313,0.0,0.0,0.0,0.0,0.0,0.0,0.0,0.0,0.0,0.5,0.7,0.742,46,8.7
1631298,Jack White,1610612743,DEN,25.0,Jack,0.3,0.5,0.571,0.0,0.1,0.0,0.0,0.0,0.0,0.0,0.0,0.0,0.3,0.5,0.5,0.0,0.1,0.0,0.0,0.0,0.0,0.0,0.0,0.0,0.0,0.0,0.0,0.1,0.2,0.667,16,3.2
1630702,Jaden Hardy,1610612742,DAL,20.0,Jaden,1.2,2.6,0.479,0.1,0.2,0.667,0.1,0.3,0.4,0.1,0.4,0.286,0.6,1.4,0.392,0.7,1.9,0.388,0.0,0.0,0.0,0.0,0.0,0.0,0.0,0.1,0.0,1.6,1.9,0.845,38,13.9
1631093,Jaden Ivey,1610612765,DET,21.0,Jaden,2.5,4.6,0.533,0.4,1.3,0.279,0.3,0.8,0.345,0.5,1.3,0.402,0.4,1.1,0.362,1.1,3.3,0.343,0.1,0.3,0.214,0.0,0.1,0.0,0.0,0.0,0.0,3.5,4.8,0.727,65,30.4
1630183,Jaden McDaniels,1610612750,MIN,22.0,Jaden,2.3,3.4,0.695,0.5,1.1,0.438,0.3,0.7,0.431,0.2,0.3,0.478,1.0,2.4,0.414,0.4,1.0,0.362,0.0,0.0,0.0,0.0,0.0,0.0,0.0,0.0,0.0,1.4,1.8,0.75,70,30.8
1630531,Jaden Springer,1610612755,PHI,20.0,Jaden,0.7,0.9,0.75,0.1,0.1,1.0,0.1,0.4,0.333,0.0,0.1,0.0,0.0,0.3,0.0,0.0,0.1,0.0,0.0,0.0,0.0,0.0,0.0,0.0,0.0,0.0,0.0,0.3,0.4,0.75,10,4.0
203109,Jae Crowder,1610612749,MIL,32.0,Jae,0.3,0.4,0.75,0.2,0.4,0.5,0.3,0.4,0.75,0.0,0.0,0.0,0.5,1.2,0.462,0.7,1.9,0.381,0.0,0.0,0.0,0.0,0.0,0.0,0.0,0.0,0.0,0.8,1.0,0.818,11,18.7
1630256,Jae'Sean Tate,1610612745,HOU,27.0,Jae'Sean,2.4,4.5,0.529,0.6,1.0,0.633,0.1,0.3,0.3,0.0,0.1,0.5,0.2,0.7,0.273,0.2,0.8,0.292,0.0,0.0,0.0,0.0,0.0,0.0,0.0,0.0,0.0,1.6,2.2,0.725,31,21.9
1631222,Jake LaRavia,1610612763,MEM,21.0,Jake,0.3,0.5,0.5,0.1,0.2,0.6,0.0,0.0,1.0,0.0,0.0,0.0,0.3,0.8,0.385,0.4,1.2,0.3,0.0,0.0,0.0,0.0,0.0,0.0,0.0,0.1,0.0,0.2,0.3,0.778,33,11.9
1627751,Jakob Poeltl,1610612761,TOR,27.0,Jakob,3.8,5.2,0.738,1.2,2.4,0.493,0.5,1.1,0.464,0.0,0.1,0.2,0.0,0.0,0.0,0.0,0.0,0.0,0.0,0.0,0.0,0.0,0.0,0.0,0.0,0.0,0.0,1.8,2.9,0.61,62,26.7
1628973,Jalen Brunson,1610612752,NYK,26.0,Jalen,2.2,4.0,0.553,2.2,4.4,0.509,1.2,2.6,0.473,0.8,1.6,0.49,1.0,2.1,0.5,1.0,2.8,0.358,0.0,0.0,1.0,0.0,0.0,0.0,0.0,0.0,0.0,4.9,5.8,0.836,64,34.9
1631105,Jalen Duren,1610612765,DET,19.0,Jalen,3.3,4.8,0.693,0.2,0.7,0.341,0.1,0.2,0.5,0.0,0.0,0.0,0.0,0.0,0.0,0.0,0.0,0.0,0.0,0.0,0.0,0.0,0.0,0.0,0.0,0.0,0.0,1.4,2.2,0.617,58,24.5
1630224,Jalen Green,1610612745,HOU,21.0,Jalen,3.0,5.7,0.531,0.6,1.6,0.368,0.4,1.1,0.403,0.8,1.8,0.427,0.5,1.8,0.261,2.1,5.8,0.36,0.0,0.1,0.143,0.0,0.0,0.0,0.0,0.1,0.0,4.6,5.8,0.79,66,34.1
1630552,Jalen Johnson,1610612737,ATL,21.0,Jalen,1.3,2.0,0.651,0.2,0.5,0.424,0.1,0.1,0.5,0.1,0.2,0.231,0.2,0.7,0.277,0.2,0.6,0.325,0.0,0.0,0.0,0.0,0.0,0.0,0.0,0.0,0.0,0.7,1.0,0.652,64,14.5
1629667,Jalen McDaniels,1610612755,PHI,25.0,Jalen,1.9,3.2,0.591,0.4,0.9,0.415,0.2,0.5,0.424,0.1,0.2,0.467,0.4,1.4,0.323,0.5,1.6,0.319,0.0,0.0,0.0,0.0,0.0,0.0,0.0,0.0,0.0,1.5,1.8,0.832,71,24.3
1630188,Jalen Smith,1610612754,IND,23.0,Jalen,2.2,3.1,0.713,0.3,0.8,0.378,0.1,0.2,0.214,0.1,0.2,0.25,0.4,1.3,0.291,0.5,1.7,0.265,0.0,0.0,0.0,0.0,0.1,0.0,0.0,0.0,0.0,1.6,2.1,0.77,60,18.5
1630591,Jalen Suggs,1610612753,ORL,21.0,Jalen,1.6,2.8,0.556,0.2,0.5,0.375,0.2,0.5,0.391,0.2,0.6,0.44,0.4,1.0,0.391,0.8,2.7,0.308,0.1,0.2,0.25,0.0,0.1,0.0,0.0,0.0,0.0,1.6,2.2,0.703,45,23.7
1631114,Jalen Williams,1610612760,OKC,21.0,Jalen,3.4,5.0,0.682,0.5,1.3,0.388,0.3,0.6,0.439,0.2,0.5,0.333,0.4,1.0,0.377,0.6,1.8,0.347,0.0,0.1,0.0,0.0,0.0,0.0,0.0,0.0,0.0,2.0,2.5,0.789,66,29.9
1631288,Jamal Cain,1610612748,MIA,24.0,Jamal,1.4,2.0,0.679,0.3,0.6,0.571,0.1,0.2,0.333,0.0,0.0,0.0,0.2,0.8,0.182,0.0,0.1,0.0,0.0,0.0,0.0,0.0,0.0,0.0,0.0,0.0,0.0,0.8,1.1,0.75,15,12.4
1627750,Jamal Murray,1610612743,DEN,26.0,Jamal,2.3,3.8,0.607,0.4,1.4,0.329,0.8,1.7,0.47,1.0,2.3,0.436,1.0,2.1,0.463,1.8,4.8,0.37,0.1,0.2,0.429,0.0,0.0,0.0,0.0,0.1,0.0,2.9,3.5,0.827,58,33.0
1631123,Jamaree Bouyea,1610612764,WAS,23.0,Jamaree,0.6,1.0,0.6,0.2,0.4,0.5,0.0,0.0,0.0,0.0,0.3,0.0,0.0,0.0,0.0,0.4,1.2,0.333,0.0,0.0,0.0,,,,0.0,0.0,0.0,0.2,0.4,0.5,5,14.1
1630547,James Bouknight,1610612766,CHA,22.0,James,0.7,1.2,0.563,0.1,0.5,0.154,0.1,0.4,0.333,0.0,0.1,0.333,0.1,0.7,0.118,0.5,1.8,0.289,0.1,0.2,0.333,0.0,0.0,0.0,0.0,0.0,0.0,0.6,0.8,0.682,26,13.6
201935,James Harden,1610612755,PHI,33.0,James,2.1,3.6,0.58,0.5,1.6,0.345,0.5,1.3,0.403,0.5,0.8,0.571,0.3,0.9,0.298,2.5,6.4,0.394,0.1,0.1,0.667,0.0,0.0,0.0,0.0,0.0,0.0,5.7,6.5,0.867,53,36.9
201949,James Johnson,1610612754,IND,36.0,James,0.6,1.1,0.5,0.2,0.3,0.5,0.0,0.1,0.0,0.0,0.0,0.0,0.2,0.7,0.222,0.2,0.3,0.5,0.0,0.0,0.0,0.0,0.2,0.0,0.0,0.0,0.0,0.3,0.4,0.667,14,8.8
1630164,James Wiseman,1610612765,DET,21.0,James,2.9,4.1,0.726,0.7,1.4,0.471,0.2,0.6,0.261,0.2,0.4,0.5,0.0,0.2,0.143,0.1,0.4,0.231,0.0,0.0,0.0,0.0,0.0,0.0,0.0,0.0,0.0,1.3,1.9,0.686,36,18.3
1630215,Jared Butler,1610612760,OKC,22.0,Jared,0.0,0.5,0.0,0.5,0.5,1.0,0.0,0.0,0.0,0.0,0.0,0.0,0.0,0.0,0.0,0.5,1.0,0.5,,,,0.0,0.0,0.0,0.0,0.0,0.0,0.0,0.0,0.0,2,9.6
1631197,Jared Rhoden,1610612765,DET,23.0,Jared,0.6,0.7,0.8,0.0,0.4,0.0,0.2,0.2,1.0,0.0,0.0,0.0,0.3,1.0,0.25,0.0,0.5,0.0,0.0,0.0,0.0,,,,0.0,0.0,0.0,0.3,0.3,1.0,7,9.4
1628991,Jaren Jackson Jr.,1610612763,MEM,23.0,Jaren,3.5,5.4,0.653,1.1,2.4,0.472,0.1,0.4,0.263,0.0,0.0,0.5,0.6,1.8,0.361,0.9,2.6,0.336,0.0,0.0,0.0,0.0,0.0,0.0,0.0,0.1,0.0,3.6,4.6,0.778,54,28.0
1629020,Jarred Vanderbilt,1610612747,LAL,23.0,Jarred,2.5,3.8,0.678,0.3,0.8,0.389,0.0,0.2,0.214,0.0,0.0,0.5,0.3,1.1,0.319,0.0,0.1,0.0,0.0,0.0,0.0,0.0,0.0,0.0,0.0,0.0,0.0,1.3,1.9,0.688,68,24.4
1628386,Jarrett Allen,1610612739,CLE,24.0,Jarrett,4.7,6.3,0.741,0.8,1.8,0.459,0.3,0.7,0.512,0.1,0.3,0.35,0.0,0.1,0.0,0.0,0.0,0.5,0.0,0.0,0.0,0.0,0.0,0.0,0.0,0.0,0.0,2.4,3.3,0.727,63,33.1
1629633,Jarrett Culver,1610612737,ATL,24.0,Jarrett,1.3,2.4,0.545,0.1,0.1,1.0,0.1,0.3,0.5,0.1,0.4,0.333,0.3,0.9,0.286,0.0,0.8,0.0,0.0,0.0,0.0,0.0,0.0,0.0,0.0,0.0,0.0,0.9,1.3,0.692,10,13.7
1630554,Jason Preston,1610612746,LAC,23.0,Jason,0.4,0.7,0.556,0.3,0.7,0.5,0.2,0.4,0.5,0.2,0.2,1.0,0.2,0.5,0.5,0.2,0.8,0.2,0.0,0.0,0.0,0.0,1.0,0.0,0.0,0.1,0.0,0.0,0.2,0.0,13,9.4
1629750,Javonte Green,1610612741,CHI,29.0,Javonte,1.5,2.0,0.759,0.1,0.4,0.364,0.0,0.0,0.0,0.0,0.0,0.0,0.2,0.6,0.278,0.3,0.6,0.5,0.0,0.0,0.0,0.0,0.0,0.0,0.0,0.0,0.0,1.0,1.5,0.674,29,15.8
1629637,Jaxson Hayes,1610612740,NOP,22.0,Jaxson,1.5,2.1,0.707,0.3,0.7,0.5,0.0,0.0,1.0,0.0,0.0,1.0,0.0,0.3,0.133,0.0,0.3,0.083,0.0,0.0,0.0,0.0,0.0,0.0,0.0,0.0,0.0,1.3,1.9,0.699,44,13.7
1630643,Jay Huff,1610612764,WAS,25.0,Jay,0.5,0.5,1.0,0.0,0.0,0.0,0.0,0.0,0.0,0.0,0.0,0.0,0.0,0.0,0.0,0.0,0.0,0.0,,,,,,,0.0,0.0,0.0,1.5,1.5,1.0,2,4.4
1627759,Jaylen Brown,1610612738,BOS,26.0,Jaylen,4.7,7.0,0.675,0.9,2.1,0.414,0.9,1.6,0.552,0.9,2.1,0.437,0.7,1.9,0.381,1.9,5.6,0.34,0.1,0.1,0.4,0.0,0.0,0.0,0.0,0.0,0.0,4.1,5.4,0.774,61,36.1
1629669,Jaylen Nowell,1610612750,MIN,23.0,Jaylen,1.9,3.2,0.592,0.6,1.3,0.469,0.6,1.1,0.528,0.2,0.5,0.414,0.4,1.3,0.313,0.7,2.2,0.295,0.0,0.0,0.0,0.0,0.1,0.0,0.0,0.1,0.0,1.2,1.5,0.784,63,19.5
1631119,Jaylin Williams,1610612760,OKC,20.0,Jaylin,0.7,1.3,0.5,0.1,0.4,0.313,0.2,0.6,0.318,0.1,0.2,0.833,0.4,0.8,0.5,0.6,1.6,0.403,0.0,0.0,0.0,0.0,0.0,0.0,0.0,0.0,0.0,0.8,1.1,0.721,40,17.7
1628369,Jayson Tatum,1610612738,BOS,25.0,Jayson,4.8,7.3,0.651,0.8,2.0,0.391,0.4,1.0,0.4,0.4,1.1,0.4,0.8,2.2,0.356,2.6,7.6,0.342,0.0,0.1,0.0,0.0,0.0,0.0,0.0,0.0,0.0,7.3,8.5,0.853,68,37.4
1630288,Jeff Dowtin Jr.,1610612761,TOR,25.0,Jeff,0.5,0.8,0.643,0.3,0.5,0.625,0.0,0.3,0.0,0.1,0.2,0.333,0.2,0.5,0.333,0.1,0.3,0.2,0.0,0.0,0.0,0.0,0.0,0.0,0.0,0.0,0.0,0.2,0.2,0.75,18,8.9
201145,Jeff Green,1610612743,DEN,36.0,Jeff,1.8,2.7,0.674,0.4,0.8,0.447,0.2,0.4,0.421,0.1,0.2,0.455,0.3,0.9,0.326,0.2,0.8,0.216,0.0,0.0,0.0,0.0,0.0,0.0,0.0,0.1,0.333,1.4,1.9,0.728,48,19.3
203924,Jerami Grant,1610612757,POR,29.0,Jerami,3.1,4.9,0.637,0.4,1.1,0.357,0.4,1.0,0.387,0.5,1.3,0.42,1.3,3.1,0.415,1.2,3.1,0.376,0.0,0.0,0.0,0.0,0.0,0.0,0.0,0.0,0.0,4.4,5.4,0.813,63,35.6
1630526,Jeremiah Robinson-Earl,1610612760,OKC,22.0,Jeremiah,1.6,2.8,0.578,0.0,0.1,0.333,0.1,0.1,0.5,0.0,0.1,0.25,0.4,1.5,0.302,0.4,1.3,0.356,0.0,0.0,0.0,0.0,0.0,0.0,0.0,0.0,0.0,0.9,1.1,0.816,36,19.4
1631110,Jeremy Sochan,1610612759,SAS,19.0,Jeremy,2.7,4.7,0.572,0.6,1.5,0.42,0.4,0.7,0.5,0.1,0.5,0.32,0.3,1.1,0.286,0.3,1.2,0.254,0.0,0.0,0.0,0.0,0.0,0.0,0.0,0.1,0.0,1.5,2.1,0.702,55,26.1
1630579,Jericho Sims,1610612752,NYK,24.0,Jericho,1.6,1.9,0.809,0.1,0.1,0.6,0.0,0.1,0.25,0.0,0.0,0.0,0.0,0.0,0.0,0.0,0.0,0.0,0.0,0.0,0.0,0.0,0.0,0.0,0.0,0.0,0.0,0.2,0.3,0.75,49,15.8
1628975,Jevon Carter,1610612749,MIL,27.0,Jevon,0.4,0.9,0.484,0.1,0.3,0.333,0.2,0.5,0.429,0.5,1.0,0.458,0.6,1.4,0.42,1.1,2.8,0.408,0.0,0.1,0.667,0.0,0.0,0.0,0.0,0.0,0.0,0.4,0.5,0.806,71,22.3
202710,Jimmy Butler,1610612748,MIA,33.0,Jimmy,4.2,6.6,0.638,1.3,2.8,0.466,1.0,1.9,0.518,0.3,0.9,0.346,0.3,1.1,0.27,0.3,0.6,0.429,0.0,0.0,0.0,0.0,0.0,0.0,0.0,0.0,0.0,7.4,8.7,0.853,58,33.3
1629111,Jock Landale,1610612756,PHX,27.0,Jock,1.6,2.3,0.704,0.4,0.8,0.46,0.1,0.2,0.333,0.0,0.1,0.6,0.1,0.3,0.421,0.2,1.0,0.21,0.0,0.0,0.0,0.0,0.0,0.0,0.0,0.0,0.0,1.2,1.6,0.77,62,13.9
203925,Joe Harris,1610612751,BKN,31.0,Joe,0.7,1.1,0.623,0.1,0.2,0.455,0.0,0.1,0.0,0.1,0.2,0.583,0.8,2.0,0.422,1.1,2.6,0.42,0.0,0.0,0.0,0.0,0.0,0.0,0.0,0.0,0.0,0.2,0.4,0.625,65,21.5
204060,Joe Ingles,1610612749,MIL,35.0,Joe,0.4,0.8,0.571,0.1,0.2,0.667,0.0,0.1,0.5,0.0,0.1,0.5,0.7,1.7,0.397,1.2,2.8,0.41,0.0,0.0,0.0,0.0,0.0,0.0,0.0,0.0,0.0,0.4,0.5,0.842,37,23.1
1630580,Joe Wieskamp,1610612761,TOR,23.0,Joe,0.0,0.2,0.0,0.0,0.0,0.0,0.0,0.0,0.0,0.0,0.0,0.0,0.4,0.8,0.5,0.2,0.6,0.333,,,,0.0,0.0,0.0,0.0,0.0,0.0,0.0,0.0,0.0,5,5.9
203954,Joel Embiid,1610612755,PHI,29.0,Joel,5.2,7.2,0.721,1.0,2.5,0.42,1.9,3.9,0.498,1.7,3.3,0.505,0.4,1.0,0.448,0.9,2.4,0.357,0.0,0.1,0.0,0.0,0.0,0.0,0.0,0.1,0.0,10.2,11.9,0.855,58,35.0
1631219,John Butler Jr.,1610612757,POR,20.0,John,0.1,0.1,1.0,0.0,0.0,0.0,0.0,0.0,0.0,0.0,0.0,0.0,0.0,0.2,0.0,0.0,0.3,0.0,0.0,0.0,0.0,,,,0.0,0.0,0.0,0.0,0.0,0.0,9,3.4
1628381,John Collins,1610612737,ATL,25.0,John,2.8,3.7,0.741,0.6,1.3,0.438,0.5,1.0,0.492,0.3,0.6,0.541,0.4,1.6,0.27,0.4,1.7,0.257,0.0,0.0,0.0,0.0,0.0,0.0,0.0,0.0,0.0,2.0,2.4,0.823,62,30.1
1629723,John Konchar,1610612763,MEM,26.0,John,0.9,1.5,0.628,0.0,0.3,0.118,0.0,0.1,0.375,0.0,0.0,0.0,0.6,1.7,0.364,0.3,0.9,0.351,0.0,0.0,0.0,0.0,0.0,0.0,0.0,0.0,0.0,0.4,0.5,0.818,63,21.1
202322,John Wall,1610612746,LAC,32.0,John,1.9,3.3,0.563,0.4,1.0,0.412,0.2,0.7,0.348,0.5,1.3,0.364,0.3,1.1,0.27,0.8,2.5,0.306,0.0,0.1,0.5,0.0,0.1,0.0,0.0,0.0,0.0,2.3,3.3,0.681,34,22.2
1631098,Johnny Davis,1610612764,WAS,21.0,Johnny,0.4,0.4,1.0,0.0,0.2,0.0,0.2,0.6,0.333,0.2,0.4,0.667,0.1,0.4,0.143,0.0,0.3,0.0,0.0,0.0,0.0,0.0,0.0,0.0,0.0,0.0,0.0,0.2,0.4,0.571,18,6.8
1630548,Johnny Juzang,1610612762,UTA,22.0,Johnny,0.1,0.2,0.5,0.2,0.6,0.4,0.0,0.0,0.0,0.3,0.6,0.5,0.3,1.6,0.214,0.6,1.4,0.385,0.0,0.0,0.0,0.0,0.0,0.0,0.0,0.0,0.0,0.0,0.2,0.0,9,10.3
202685,Jonas Valanciunas,1610612740,NOP,30.0,Jonas,3.3,4.9,0.677,1.0,2.1,0.507,0.6,1.2,0.452,0.2,0.6,0.359,0.1,0.3,0.25,0.4,1.1,0.382,0.0,0.0,0.0,0.0,0.0,0.0,0.0,0.0,0.0,2.4,2.9,0.828,69,24.7
1628371,Jonathan Isaac,1610612753,ORL,25.0,Jonathan,0.9,1.9,0.476,0.1,0.5,0.167,0.3,0.5,0.5,0.1,0.3,0.333,0.5,0.7,0.625,0.2,0.8,0.222,0.0,0.0,0.0,0.0,0.0,0.0,0.0,0.0,0.0,0.5,0.8,0.556,11,11.3
1630228,Jonathan Kuminga,1610612744,GSW,20.0,Jonathan,2.3,3.5,0.655,0.4,1.0,0.379,0.2,0.4,0.455,0.1,0.3,0.471,0.4,1.1,0.369,0.4,1.1,0.338,0.0,0.0,0.0,0.0,0.0,0.0,0.0,0.0,0.0,1.3,1.9,0.661,58,20.5
203903,Jordan Clarkson,1610612762,UTA,30.0,Jordan,2.2,3.7,0.598,1.6,3.2,0.503,1.0,2.1,0.46,0.2,0.4,0.5,0.8,2.0,0.388,1.8,5.4,0.323,0.0,0.2,0.286,0.0,0.0,0.0,0.0,0.1,0.0,3.3,4.0,0.816,61,32.6
1630692,Jordan Goodwin,1610612764,WAS,24.0,Jordan,0.9,1.5,0.597,0.3,0.8,0.41,0.3,0.6,0.481,0.1,0.5,0.261,0.4,0.7,0.514,0.3,1.0,0.3,0.0,0.0,0.0,0.0,0.0,0.0,0.0,0.0,0.0,0.8,1.0,0.741,52,16.8
1631160,Jordan Hall,1610612759,SAS,21.0,Jordan,0.3,0.4,0.75,0.0,0.1,0.0,0.1,0.4,0.333,0.0,0.3,0.0,0.4,1.1,0.4,0.1,0.9,0.125,0.0,0.0,0.0,,,,0.0,0.0,0.0,0.8,1.0,0.778,9,9.2
1629162,Jordan McLaughlin,1610612750,MIN,26.0,Jordan,0.6,1.1,0.59,0.3,0.4,0.625,0.1,0.1,0.667,0.1,0.1,0.667,0.3,0.9,0.333,0.2,0.8,0.241,0.0,0.1,0.0,0.0,0.0,0.0,0.0,0.2,0.0,0.3,0.4,0.786,36,15.9
1629670,Jordan Nwora,1610612754,IND,24.0,Jordan,0.9,1.8,0.505,0.3,0.6,0.517,0.1,0.3,0.278,0.1,0.4,0.143,0.5,1.3,0.368,0.8,1.9,0.439,0.0,0.1,0.0,0.0,0.0,0.0,0.0,0.0,0.0,1.0,1.2,0.781,52,17.6
1629673,Jordan Poole,1610612744,GSW,23.0,Jordan,2.6,4.0,0.644,0.6,1.4,0.404,0.4,1.1,0.375,0.5,1.2,0.395,0.5,1.6,0.313,1.9,5.7,0.338,0.3,0.7,0.386,0.0,0.1,0.333,0.0,0.1,0.0,4.3,4.9,0.874,73,30.5
1630648,Jordan Schakel,1610612764,WAS,24.0,Jordan,0.0,0.0,0.0,0.0,1.0,0.0,0.0,0.0,0.0,0.0,0.0,0.0,0.0,0.0,0.0,1.0,1.0,1.0,0.0,0.0,0.0,,,,,,,0.0,0.0,0.0,2,3.1
1630631,Jose Alvarado,1610612740,NOP,24.0,Jose,1.4,2.3,0.592,0.4,1.1,0.353,0.1,0.4,0.36,0.0,0.1,0.143,0.6,1.5,0.433,0.7,2.5,0.289,0.0,0.1,0.0,0.0,0.0,0.0,0.0,0.1,0.0,1.1,1.3,0.813,61,21.5
1630528,Josh Christopher,1610612745,HOU,21.0,Josh,1.1,1.7,0.659,0.3,0.7,0.459,0.4,0.9,0.455,0.0,0.2,0.1,0.2,0.5,0.375,0.2,0.9,0.204,0.0,0.1,0.0,0.0,0.0,0.0,0.0,0.0,0.0,0.7,0.9,0.78,54,11.5
1630581,Josh Giddey,1610612760,OKC,20.0,Josh,3.9,6.3,0.614,1.4,3.5,0.418,0.6,1.4,0.451,0.1,0.2,0.25,0.3,1.0,0.344,0.6,2.0,0.299,0.0,0.0,1.0,0.0,0.0,0.0,0.0,0.0,0.0,1.3,1.7,0.752,67,30.8
1630182,Josh Green,1610612742,DAL,22.0,Josh,1.9,2.6,0.721,0.3,0.7,0.441,0.2,0.4,0.474,0.0,0.1,0.25,1.0,2.3,0.413,0.3,0.6,0.419,0.0,0.0,0.0,0.0,0.0,0.0,0.0,0.0,0.0,1.2,1.7,0.719,52,25.7
1628404,Josh Hart,1610612752,NYK,28.0,Josh,2.4,3.5,0.684,0.3,0.5,0.5,0.1,0.4,0.25,0.1,0.2,0.267,0.4,1.3,0.333,0.4,1.0,0.403,0.0,0.0,0.0,0.0,0.0,0.0,0.0,0.0,0.0,1.8,2.4,0.744,67,32.7
1631169,Josh Minott,1610612750,MIN,20.0,Josh,1.2,1.9,0.6,0.1,0.2,0.5,0.0,0.1,0.0,0.0,0.0,0.0,0.1,0.3,0.25,0.1,0.1,0.5,0.0,0.0,0.0,0.0,0.0,0.0,0.0,0.0,0.0,0.6,0.6,1.0,14,6.5
1629006,Josh Okogie,1610612756,PHX,24.0,Josh,1.0,1.9,0.526,0.2,0.6,0.333,0.1,0.2,0.308,0.1,0.2,0.417,0.5,1.6,0.301,0.5,1.2,0.394,0.0,0.0,0.0,0.0,0.0,0.0,0.0,0.0,0.0,1.8,2.5,0.73,61,17.6
1626196,Josh Richardson,1610612740,NOP,29.0,Josh,0.7,1.1,0.617,0.4,0.7,0.513,0.6,1.4,0.408,0.6,1.1,0.542,0.6,1.5,0.4,1.2,3.4,0.349,0.0,0.1,0.333,0.0,0.1,0.0,0.0,0.0,0.0,1.3,1.5,0.852,55,24.0
1630563,Joshua Primo,1610612759,SAS,20.0,Joshua,0.5,1.5,0.333,0.5,0.8,0.667,0.3,0.5,0.5,0.3,0.5,0.5,0.3,1.3,0.2,0.5,1.8,0.286,0.0,0.0,0.0,0.0,0.5,0.0,0.0,0.0,0.0,1.8,2.3,0.778,4,23.3
201950,Jrue Holiday,1610612749,MIL,32.0,Jrue,2.6,3.9,0.652,1.0,2.2,0.442,0.6,1.3,0.453,0.7,1.3,0.513,0.7,1.8,0.37,1.8,4.7,0.379,0.0,0.0,0.0,0.0,0.1,0.5,0.0,0.1,0.125,2.3,2.7,0.862,59,33.0
1629308,Juan Toscano-Anderson,1610612762,UTA,29.0,Juan,0.9,1.3,0.68,0.0,0.2,0.0,0.0,0.1,0.333,0.0,0.1,0.5,0.1,0.4,0.294,0.1,0.2,0.286,0.0,0.0,0.0,0.0,0.2,0.0,0.0,0.1,0.0,0.3,0.4,0.733,41,11.9
1627823,Juancho Hernangomez,1610612761,TOR,27.0,Juancho,0.7,1.0,0.714,0.0,0.1,0.333,0.0,0.0,0.0,0.0,0.0,0.0,0.3,0.8,0.333,0.2,0.9,0.189,0.0,0.0,0.0,0.0,0.0,0.0,0.0,0.0,0.0,0.2,0.4,0.563,42,14.6
1630577,Julian Champagnie,1610612759,SAS,21.0,Julian,0.4,0.6,0.75,0.0,0.0,0.0,0.0,0.0,0.0,0.0,0.2,0.0,0.8,1.7,0.5,0.7,1.8,0.364,0.0,0.0,0.0,0.0,0.0,0.0,0.0,0.0,0.0,0.0,0.0,0.0,7,10.6
203944,Julius Randle,1610612752,NYK,28.0,Julius,3.2,4.9,0.657,1.0,1.9,0.507,0.8,1.9,0.449,0.6,1.3,0.429,1.1,3.1,0.354,1.9,5.5,0.348,0.0,0.1,0.0,0.0,0.0,0.0,0.0,0.0,0.0,5.4,7.1,0.759,73,35.9
1630551,Justin Champagnie,1610612761,TOR,21.0,Justin,0.7,0.7,1.0,0.5,0.5,1.0,0.0,0.0,0.0,0.0,0.0,0.0,0.0,0.0,0.0,0.0,0.0,0.0,,,,,,,,,,0.0,0.0,0.0,3,3.6
203200,Justin Holiday,1610612742,DAL,33.0,Justin,0.5,0.6,0.72,0.0,0.1,0.0,0.0,0.1,0.0,0.1,0.3,0.308,0.7,2.2,0.337,0.4,1.2,0.378,0.0,0.0,0.0,0.0,0.0,0.0,0.0,0.0,0.0,0.0,0.1,0.0,39,15.5
1628382,Justin Jackson,1610612738,BOS,27.0,Justin,0.0,0.1,0.5,0.0,0.1,0.0,0.1,0.1,0.5,0.0,0.1,0.0,0.2,0.4,0.375,0.1,0.6,0.167,0.0,0.0,0.0,0.0,0.0,0.0,0.0,0.0,0.0,0.0,0.1,0.5,23,4.7
1626159,Justise Winslow,1610612757,POR,26.0,Justise,1.7,3.2,0.522,0.4,1.2,0.353,0.2,0.6,0.278,0.1,0.2,0.333,0.3,1.0,0.345,0.1,0.7,0.211,0.0,0.0,0.0,0.0,0.0,0.0,0.0,0.0,0.0,0.7,1.0,0.714,29,26.8
203994,Jusuf Nurkic,1610612757,POR,28.0,Jusuf,3.5,5.8,0.607,0.5,1.3,0.397,0.1,0.2,0.5,0.1,0.1,0.571,0.2,0.5,0.321,0.6,1.7,0.368,0.0,0.0,0.0,0.0,0.0,0.0,0.0,0.0,0.0,2.4,3.6,0.661,51,26.7
1629644,KZ Okpala,1610612758,SAC,23.0,KZ,0.3,0.4,0.667,0.0,0.1,0.0,0.0,0.0,0.0,0.0,0.0,1.0,0.2,0.5,0.385,0.1,0.3,0.25,0.0,0.0,0.0,0.0,0.0,0.0,0.0,0.0,0.0,0.2,0.2,0.875,35,7.1
1630539,Kai Jones,1610612766,CHA,22.0,Kai,0.9,1.4,0.679,0.2,0.4,0.417,0.1,0.1,0.6,0.0,0.1,0.0,0.0,0.1,0.2,0.1,0.2,0.286,0.0,0.0,0.0,0.0,0.0,0.0,0.0,0.0,0.0,0.4,0.5,0.75,38,10.1
1626157,Karl-Anthony Towns,1610612750,MIN,27.0,Karl-Anthony,3.1,4.2,0.739,1.5,3.1,0.492,0.2,0.4,0.444,0.3,0.4,0.667,0.8,2.3,0.347,1.4,3.9,0.354,0.0,0.1,0.0,0.0,0.0,0.0,0.0,0.0,0.0,4.4,5.0,0.885,21,33.8
202695,Kawhi Leonard,1610612746,LAC,31.0,Kawhi,2.2,3.4,0.649,1.1,2.0,0.544,1.6,3.1,0.522,1.3,2.7,0.492,0.9,2.0,0.449,1.3,3.4,0.396,0.0,0.0,0.0,0.0,0.0,0.0,0.0,0.0,0.0,4.8,5.4,0.874,44,33.8
1631099,Keegan Murray,1610612758,SAC,22.0,Keegan,1.3,2.2,0.577,0.2,0.5,0.406,0.2,0.4,0.481,0.1,0.3,0.333,1.0,2.5,0.404,1.5,3.7,0.405,0.0,0.1,0.25,0.0,0.0,0.0,0.0,0.0,0.0,0.8,1.1,0.776,70,29.7
1628966,Keita Bates-Diop,1610612759,SAS,27.0,Keita,2.1,3.2,0.659,0.3,0.9,0.264,0.1,0.3,0.353,0.0,0.0,0.0,0.3,1.1,0.317,0.4,0.8,0.467,0.0,0.0,0.0,0.0,0.0,0.0,0.0,0.0,0.0,1.5,2.0,0.786,57,20.9
1629640,Keldon Johnson,1610612759,SAS,23.0,Keldon,4.1,6.8,0.605,1.2,2.7,0.429,0.4,1.3,0.325,0.1,0.3,0.316,0.9,2.3,0.399,1.2,4.0,0.302,0.0,0.2,0.143,0.0,0.0,0.0,0.0,0.1,0.0,3.9,5.1,0.753,60,32.8
203482,Kelly Olynyk,1610612762,UTA,31.0,Kelly,1.9,2.8,0.679,0.4,1.0,0.424,0.1,0.4,0.182,0.1,0.3,0.533,0.5,1.3,0.427,0.9,2.2,0.4,0.0,0.2,0.167,0.0,0.0,0.0,0.0,0.0,0.0,2.8,3.3,0.845,59,28.3
1626162,Kelly Oubre Jr.,1610612766,CHA,27.0,Kelly,3.3,5.8,0.571,0.8,2.1,0.388,0.6,1.4,0.406,0.4,0.7,0.5,1.1,2.8,0.391,1.3,4.3,0.289,0.0,0.1,0.333,0.0,0.0,0.0,0.0,0.0,0.0,3.4,4.4,0.763,47,32.7
202689,Kemba Walker,1610612742,DAL,32.0,Kemba,0.9,1.4,0.615,0.3,0.7,0.5,0.3,0.4,0.75,0.3,0.6,0.6,0.2,0.9,0.25,0.6,2.6,0.238,0.0,0.0,0.0,0.0,0.0,0.0,0.0,0.0,0.0,1.9,2.3,0.81,9,16.0
1631112,Kendall Brown,1610612754,IND,19.0,Kendall,0.5,0.8,0.6,0.0,0.0,0.0,0.2,0.2,1.0,0.0,0.0,0.0,0.0,0.2,0.0,0.0,0.0,0.0,0.0,0.0,0.0,0.0,0.0,0.0,0.0,0.0,0.0,0.2,0.3,0.5,6,6.7
1629134,Kendrick Nunn,1610612764,WAS,27.0,Kendrick,0.9,1.4,0.61,0.2,0.6,0.294,0.3,0.6,0.469,0.3,0.5,0.5,0.4,1.2,0.353,0.6,1.9,0.319,0.0,0.0,0.0,0.0,0.0,0.0,0.0,0.0,0.0,0.5,0.5,0.848,61,13.4
1631113,Kennedy Chandler,1610612763,MEM,20.0,Kennedy,0.6,1.2,0.528,0.2,0.6,0.375,0.0,0.1,0.333,0.0,0.1,0.5,0.0,0.1,0.0,0.1,0.4,0.182,0.0,0.0,0.0,0.0,0.0,0.0,0.0,0.0,0.0,0.2,0.4,0.462,31,7.9
1631254,Kenneth Lofton Jr.,1610612763,MEM,20.0,Kenneth,0.9,1.1,0.778,0.0,0.2,0.0,0.1,0.4,0.25,0.0,0.5,0.0,0.2,0.2,1.0,0.1,0.6,0.222,0.0,0.0,0.0,0.0,0.0,0.0,0.0,0.0,0.0,0.3,0.6,0.556,16,4.5
1629026,Kenrich Williams,1610612760,OKC,28.0,Kenrich,1.8,2.6,0.693,0.2,0.4,0.409,0.2,0.5,0.385,0.2,0.4,0.526,0.5,1.3,0.408,0.5,1.3,0.371,0.0,0.0,0.0,0.0,0.1,0.0,0.0,0.0,0.0,0.3,0.7,0.436,53,22.8
203484,Kentavious Caldwell-Pope,1610612743,DEN,30.0,Kentavious,1.1,1.8,0.589,0.1,0.3,0.5,0.2,0.5,0.441,0.6,1.1,0.5,1.1,2.6,0.429,0.9,2.1,0.42,0.0,0.0,0.0,0.0,0.0,0.0,0.0,0.0,0.0,1.3,1.6,0.836,69,31.7
1630231,Kenyon Martin Jr.,1610612745,HOU,22.0,Kenyon,3.7,5.0,0.736,0.3,0.9,0.375,0.0,0.0,0.5,0.0,0.0,0.0,0.3,0.8,0.386,0.5,1.8,0.286,0.0,0.1,0.0,0.0,0.0,0.0,0.0,0.0,0.0,1.8,2.6,0.677,72,27.4
1631165,Keon Ellis,1610612758,SAC,23.0,Keon,0.0,0.0,0.0,0.1,0.1,1.0,0.0,0.2,0.0,0.0,0.0,0.0,0.1,0.4,0.25,0.5,0.6,0.714,0.0,0.0,0.0,0.0,0.0,0.0,0.0,0.0,0.0,0.2,0.2,0.667,13,3.9
1630553,Keon Johnson,1610612757,POR,21.0,Keon,0.6,1.0,0.583,0.1,0.7,0.19,0.1,0.3,0.222,0.1,0.3,0.2,0.3,1.0,0.258,0.4,1.0,0.405,0.0,0.0,0.0,0.0,0.0,0.0,0.0,0.0,0.0,0.5,0.8,0.607,37,9.1
1630556,Kessler Edwards,1610612758,SAC,22.0,Kessler,0.5,0.7,0.706,0.0,0.2,0.0,0.0,0.0,0.0,0.0,0.1,0.0,0.2,1.0,0.238,0.4,1.0,0.389,0.0,0.0,0.0,0.0,0.0,0.0,0.0,0.0,0.0,0.3,0.4,0.7,26,9.6
201142,Kevin Durant,1610612756,PHX,34.0,Kevin,2.0,2.6,0.773,1.6,2.5,0.632,2.8,4.6,0.6,2.0,3.4,0.585,0.6,1.5,0.403,1.5,3.7,0.389,0.0,0.1,0.25,0.0,0.0,0.0,0.0,0.0,0.0,6.7,7.2,0.931,42,35.7
1628989,Kevin Huerter,1610612758,SAC,24.0,Kevin,1.5,2.1,0.73,0.6,1.0,0.618,0.3,0.9,0.39,0.3,0.6,0.462,0.8,1.9,0.411,1.9,4.7,0.401,0.1,0.2,0.5,0.0,0.0,0.0,0.0,0.0,0.0,1.3,1.8,0.712,66,29.6
1628995,Kevin Knox II,1610612757,POR,23.0,Kevin,0.7,0.9,0.778,0.1,0.3,0.462,0.1,0.2,0.5,0.0,0.1,0.25,0.4,1.3,0.344,0.5,1.2,0.424,0.0,0.1,0.0,0.0,0.0,0.0,0.0,0.0,0.0,0.5,0.7,0.8,52,12.5
201567,Kevin Love,1610612748,MIA,34.0,Kevin,0.6,0.9,0.612,0.2,0.5,0.481,0.1,0.3,0.353,0.1,0.2,0.385,0.6,1.4,0.411,1.1,3.4,0.31,0.1,0.4,0.4,0.0,0.0,0.0,0.0,0.0,0.0,1.4,1.5,0.88,54,20.3
1629645,Kevin Porter Jr.,1610612745,HOU,22.0,Kevin,2.4,4.0,0.608,0.6,1.7,0.337,0.8,1.6,0.481,0.4,1.1,0.37,0.7,1.4,0.465,1.6,5.0,0.327,0.0,0.1,0.0,0.0,0.0,0.0,0.0,0.0,0.0,3.5,4.5,0.78,50,34.1
1630284,Kevon Harris,1610612753,ORL,25.0,Kevon,0.7,1.5,0.478,0.0,0.1,0.25,0.0,0.0,0.0,0.0,0.1,0.0,0.2,0.4,0.5,0.2,0.6,0.278,0.0,0.0,0.0,0.0,0.0,0.0,0.0,0.0,0.0,0.7,0.9,0.815,31,12.3
1626172,Kevon Looney,1610612744,GSW,27.0,Kevon,2.6,3.8,0.688,0.3,0.6,0.463,0.1,0.2,0.5,0.1,0.1,0.444,0.0,0.0,0.333,0.0,0.0,0.0,0.0,0.0,0.0,0.0,0.0,0.0,0.0,0.0,0.0,1.1,1.9,0.594,73,23.6
203920,Khem Birch,1610612759,SAS,30.0,Khem,0.7,0.8,0.813,0.2,0.5,0.4,0.1,0.2,0.333,0.0,0.1,0.0,0.1,0.1,0.5,0.0,0.0,0.0,0.0,0.0,0.0,0.0,0.0,0.0,0.0,0.0,0.0,0.2,0.3,0.8,20,8.1
203114,Khris Middleton,1610612749,MIL,31.0,Khris,1.4,2.3,0.607,0.8,1.5,0.512,0.7,1.8,0.396,0.6,1.3,0.417,0.7,1.6,0.419,1.1,3.5,0.305,0.0,0.0,0.0,0.0,0.0,0.0,0.0,0.0,0.0,2.9,3.2,0.895,27,24.1
1630165,Killian Hayes,1610612765,DET,21.0,Killian,0.7,1.4,0.505,0.7,1.7,0.385,0.9,2.2,0.401,0.5,1.1,0.434,0.4,1.7,0.254,0.7,2.3,0.327,0.0,0.1,0.0,0.0,0.0,0.0,0.0,0.0,0.0,0.9,1.1,0.803,67,27.4
1630184,Kira Lewis Jr.,1610612740,NOP,21.0,Kira,0.7,1.4,0.5,0.1,0.4,0.333,0.1,0.4,0.286,0.3,0.4,0.714,0.2,0.4,0.625,0.4,1.0,0.364,0.0,0.0,0.0,0.0,0.0,0.0,0.0,0.1,0.0,0.8,0.9,0.85,22,10.1
202691,Klay Thompson,1610612744,GSW,33.0,Klay,1.5,2.3,0.645,0.4,1.1,0.397,0.7,1.7,0.377,0.9,2.0,0.458,1.1,3.1,0.366,3.3,7.9,0.421,0.0,0.1,0.0,0.0,0.0,0.0,0.0,0.0,0.0,1.8,2.0,0.879,61,32.9
1627739,Kris Dunn,1610612762,UTA,29.0,Kris,1.3,2.7,0.467,2.1,3.3,0.639,0.5,1.0,0.455,0.0,0.0,0.0,0.0,0.7,0.0,0.9,1.4,0.667,0.0,0.0,0.0,0.0,0.0,0.0,0.0,0.0,0.0,1.4,1.6,0.833,11,22.8
204001,Kristaps Porzingis,1610612764,WAS,27.0,Kristaps,2.7,4.0,0.674,1.1,2.2,0.511,1.0,2.0,0.5,0.7,1.7,0.412,0.3,0.6,0.436,1.8,4.9,0.375,0.0,0.2,0.182,0.0,0.0,0.0,0.0,0.0,0.0,5.6,6.6,0.848,61,32.8
203937,Kyle Anderson,1610612750,MIN,29.0,Kyle,1.6,2.6,0.608,1.1,2.2,0.489,0.3,0.6,0.485,0.0,0.1,0.2,0.4,1.0,0.4,0.2,0.5,0.375,0.0,0.0,0.0,0.0,0.0,0.0,0.0,0.0,0.0,1.6,2.2,0.738,60,27.8
1628398,Kyle Kuzma,1610612764,WAS,27.0,Kyle,3.6,5.3,0.685,1.1,2.8,0.394,0.4,1.3,0.346,0.3,0.7,0.4,1.0,2.5,0.379,1.4,4.7,0.308,0.2,0.5,0.308,0.0,0.2,0.2,0.0,0.1,0.25,2.7,3.7,0.73,64,35.0
200768,Kyle Lowry,1610612748,MIA,36.0,Kyle,1.0,1.7,0.554,0.2,0.4,0.476,0.4,0.7,0.514,0.1,0.4,0.389,0.6,1.4,0.435,1.4,4.4,0.318,0.1,0.2,0.375,0.0,0.0,0.0,0.0,0.0,0.0,2.1,2.5,0.851,48,32.6
202681,Kyrie Irving,1610612742,DAL,30.0,Kyrie,2.9,4.4,0.651,1.2,2.4,0.52,1.5,2.7,0.546,0.8,1.7,0.466,1.1,2.6,0.434,2.5,6.2,0.396,0.1,0.4,0.188,0.0,0.0,0.0,0.0,0.0,0.0,4.2,4.6,0.902,53,37.1
1630163,LaMelo Ball,1610612766,CHA,21.0,LaMelo,2.4,4.7,0.512,0.6,1.9,0.333,0.6,1.4,0.423,0.4,1.1,0.375,0.8,2.0,0.423,2.7,7.4,0.37,0.6,1.5,0.404,0.0,0.0,0.0,0.0,0.1,0.0,2.8,3.4,0.843,36,35.2
1630205,Lamar Stevens,1610612739,CLE,25.0,Lamar,1.1,1.9,0.602,0.2,0.5,0.44,0.3,0.6,0.517,0.0,0.2,0.125,0.3,1.1,0.288,0.2,0.5,0.4,0.0,0.0,0.0,0.0,0.0,0.0,0.0,0.0,0.0,0.7,0.9,0.725,54,17.9
1629013,Landry Shamet,1610612756,PHX,26.0,Landry,0.7,1.5,0.489,0.0,0.1,0.25,0.2,0.5,0.357,0.1,0.5,0.214,1.0,2.2,0.449,1.0,3.2,0.327,0.1,0.1,1.0,0.0,0.0,0.0,0.0,0.0,0.0,1.4,1.5,0.894,31,21.4
1626204,Larry Nance Jr.,1610612740,NOP,30.0,Larry,2.3,3.2,0.726,0.3,0.6,0.576,0.1,0.3,0.333,0.1,0.2,0.444,0.2,0.5,0.393,0.1,0.2,0.231,0.0,0.0,0.0,0.0,0.0,0.0,0.0,0.0,0.0,0.9,1.3,0.685,55,21.5
1628374,Lauri Markkanen,1610612762,UTA,25.0,Lauri,3.8,5.6,0.679,1.0,2.3,0.415,0.4,0.8,0.571,0.2,0.5,0.379,1.3,2.7,0.491,1.9,5.1,0.363,0.1,0.2,0.375,0.0,0.0,0.0,0.0,0.0,0.0,5.1,5.9,0.871,63,34.4
2544,LeBron James,1610612747,LAL,38.0,LeBron,6.7,9.4,0.713,0.8,2.0,0.415,0.5,1.6,0.329,0.9,2.1,0.449,0.6,1.7,0.346,1.7,5.5,0.305,0.1,0.5,0.214,0.0,0.0,0.0,0.0,0.0,0.0,4.8,6.3,0.759,47,36.1
1630195,Leandro Bolmaro,1610612762,UTA,22.0,Leandro,0.1,0.4,0.167,0.1,0.5,0.167,0.1,0.1,1.0,0.0,0.3,0.0,0.0,0.0,0.0,0.0,0.3,0.0,0.0,0.2,0.0,,,,0.0,0.0,0.0,0.0,0.0,0.0,14,4.9
1629623,Lindell Wigginton,1610612749,MIL,24.0,Lindell,0.5,1.0,0.5,0.0,0.0,0.0,,,,0.0,0.0,0.0,0.0,1.0,0.0,0.0,0.0,0.0,0.0,0.0,0.0,,,,,,,0.0,0.0,0.0,2,1.5
1630322,Lindy Waters III,1610612760,OKC,25.0,Lindy,0.1,0.3,0.556,0.0,0.0,1.0,0.0,0.0,1.0,0.0,0.0,1.0,0.6,1.2,0.476,0.8,2.6,0.318,0.1,0.1,1.0,0.0,0.0,0.0,0.0,0.0,0.0,0.4,0.5,0.833,35,12.4
1629022,Lonnie Walker IV,1610612747,LAL,24.0,Lonnie,1.9,3.1,0.604,0.3,0.7,0.351,0.2,0.4,0.364,0.4,0.9,0.478,0.7,1.8,0.37,1.0,2.9,0.351,0.0,0.0,0.0,0.0,0.0,0.0,0.0,0.0,0.0,1.7,2.0,0.873,51,24.5
1629652,Luguentz Dort,1610612760,OKC,23.0,Luguentz,2.3,4.7,0.488,0.2,0.9,0.263,0.1,0.3,0.333,0.1,0.3,0.5,0.8,2.1,0.4,1.1,3.5,0.307,0.0,0.1,0.667,0.0,0.0,0.0,0.0,0.0,0.0,2.6,3.4,0.782,65,30.5
1629029,Luka Doncic,1610612742,DAL,24.0,Luka,3.9,5.4,0.722,2.2,4.1,0.543,1.6,2.9,0.542,0.5,1.6,0.311,0.5,1.2,0.424,2.3,6.4,0.355,0.0,0.3,0.063,0.1,0.2,0.6,0.0,0.1,0.0,8.1,11.0,0.736,57,36.3
1630568,Luka Garza,1610612750,MIN,24.0,Luka,1.3,1.8,0.761,0.3,0.8,0.421,0.2,0.3,0.667,0.0,0.1,0.0,0.1,0.2,0.4,0.5,1.3,0.364,0.0,0.0,0.0,0.0,0.0,0.0,0.0,0.0,0.0,1.6,2.0,0.788,26,9.0
1628379,Luke Kennard,1610612763,MEM,26.0,Luke,0.3,0.6,0.406,0.2,0.3,0.714,0.2,0.5,0.458,0.2,0.5,0.333,0.7,1.5,0.466,1.2,2.6,0.469,0.0,0.0,0.0,0.1,0.1,1.0,0.0,0.1,0.0,0.6,0.6,0.938,50,21.1
1628436,Luke Kornet,1610612738,BOS,27.0,Luke,1.4,2.0,0.735,0.1,0.2,0.583,0.0,0.1,0.5,0.0,0.0,0.0,0.0,0.1,0.333,0.0,0.1,0.333,0.0,0.0,0.0,0.0,0.0,0.0,0.0,0.0,0.0,0.5,0.6,0.811,60,11.6
1630201,Malachi Flynn,1610612761,TOR,24.0,Malachi,0.4,0.8,0.5,0.1,0.3,0.267,0.1,0.3,0.429,0.1,0.5,0.143,0.3,0.8,0.444,0.6,1.8,0.341,0.0,0.0,0.0,0.0,0.0,0.0,0.0,0.0,0.0,0.4,0.5,0.708,46,13.0
1631103,Malaki Branham,1610612759,SAS,19.0,Malaki,1.2,1.9,0.623,0.5,1.0,0.491,0.5,1.1,0.492,0.3,0.8,0.409,0.5,1.4,0.382,0.7,2.4,0.281,0.0,0.0,0.0,0.0,0.0,0.0,0.0,0.0,0.0,0.8,1.0,0.815,56,22.9
1627763,Malcolm Brogdon,1610612738,BOS,30.0,Malcolm,1.8,3.4,0.536,0.5,1.1,0.406,0.4,0.8,0.5,0.3,0.7,0.488,0.6,1.3,0.474,1.5,3.3,0.453,0.0,0.0,0.0,0.0,0.0,0.0,0.0,0.0,0.0,2.3,2.7,0.877,61,25.8
1630792,Malcolm Hill,1610612741,CHI,27.0,Malcolm,0.3,0.3,1.0,0.0,0.0,0.0,0.0,0.0,0.0,0.0,0.0,0.0,0.0,0.3,0.0,0.3,0.7,0.5,0.0,0.0,0.0,0.0,0.0,0.0,,,,0.0,0.0,0.0,5,1.8
1627736,Malik Beasley,1610612747,LAL,26.0,Malik,0.5,0.9,0.613,0.6,1.1,0.513,0.3,0.7,0.396,0.2,0.6,0.356,1.1,3.1,0.372,1.9,5.4,0.355,0.0,0.1,0.2,0.0,0.0,0.0,0.0,0.0,0.0,0.6,0.8,0.8,71,26.7
1628370,Malik Monk,1610612758,SAC,25.0,Malik,2.0,3.3,0.615,0.4,0.9,0.429,0.2,0.6,0.35,0.2,0.3,0.522,0.7,1.7,0.392,1.2,3.5,0.343,0.0,0.1,0.0,0.0,0.0,0.0,0.0,0.1,0.0,2.5,2.8,0.886,69,22.5
1629603,Mamadi Diakite,1610612739,CLE,26.0,Mamadi,0.3,0.4,0.75,0.2,0.4,0.5,0.0,0.3,0.0,0.0,0.0,0.0,0.1,0.6,0.125,0.2,0.4,0.429,0.0,0.0,0.0,0.0,0.0,0.0,0.0,0.0,0.0,0.0,0.0,0.0,18,6.7
1630699,MarJon Beauchamp,1610612749,MIL,22.0,MarJon,0.8,1.4,0.552,0.1,0.2,0.429,0.1,0.2,0.429,0.1,0.2,0.375,0.5,1.7,0.288,0.5,1.4,0.339,0.0,0.0,0.0,0.0,0.0,0.0,0.0,0.0,0.0,0.5,0.7,0.724,42,13.8
202694,Marcus Morris Sr.,1610612746,LAC,33.0,Marcus,0.6,1.0,0.619,0.5,0.9,0.556,0.7,1.7,0.421,0.6,1.5,0.43,0.6,1.8,0.342,1.2,3.1,0.395,0.0,0.0,0.0,0.0,0.0,0.0,0.0,0.0,0.0,1.1,1.4,0.782,63,28.2
203935,Marcus Smart,1610612738,BOS,29.0,Marcus,1.3,2.2,0.588,0.6,1.3,0.486,0.2,0.6,0.387,0.1,0.2,0.444,0.6,1.8,0.307,1.3,3.7,0.346,0.0,0.0,1.0,0.0,0.0,0.0,0.0,0.1,0.0,1.5,2.0,0.752,55,32.5
1631109,Mark Williams,1610612766,CHA,21.0,Mark,2.8,3.9,0.719,0.5,1.1,0.405,0.1,0.2,0.375,0.1,0.1,0.5,0.0,0.0,0.0,0.0,0.0,0.0,0.0,0.0,0.0,0.0,0.0,0.0,0.0,0.0,0.0,1.5,2.1,0.692,37,17.7
1628365,Markelle Fultz,1610612753,ORL,24.0,Markelle,3.0,4.9,0.62,0.9,1.7,0.517,0.6,1.5,0.41,0.8,1.7,0.456,0.3,0.8,0.415,0.2,0.7,0.229,0.0,0.0,0.0,0.0,0.0,0.0,0.0,0.1,0.0,2.1,2.6,0.793,52,30.1
202693,Markieff Morris,1610612742,DAL,33.0,Markieff,0.1,0.3,0.5,0.0,0.3,0.125,0.2,0.3,0.556,0.1,0.3,0.5,0.3,0.9,0.393,0.4,0.9,0.429,0.0,0.0,0.0,0.0,0.0,0.0,0.0,0.0,0.0,0.3,0.3,1.0,32,9.7
1630250,Marko Simonovic,1610612741,CHI,23.0,Marko,0.0,0.0,0.0,0.0,0.0,0.0,0.0,0.0,0.0,0.0,0.0,0.0,0.0,0.0,0.0,0.0,0.3,0.0,0.0,0.0,0.0,,,,,,,0.0,0.0,0.0,3,1.5
1628963,Marvin Bagley III,1610612765,DET,24.0,Marvin,3.1,4.4,0.699,0.8,1.9,0.433,0.4,0.9,0.484,0.2,0.4,0.4,0.2,0.5,0.375,0.2,1.0,0.229,0.0,0.0,0.0,0.0,0.0,0.0,0.0,0.0,0.0,1.7,2.4,0.726,35,23.3
203486,Mason Plumlee,1610612746,LAC,33.0,Mason,4.0,5.4,0.727,0.2,0.7,0.333,0.1,0.2,0.455,0.1,0.1,0.6,0.0,0.0,0.0,0.0,0.0,0.0,0.0,0.0,0.0,0.0,0.0,0.0,0.0,0.0,0.0,2.7,4.3,0.632,70,26.9
1629680,Matisse Thybulle,1610612757,POR,26.0,Matisse,0.7,1.1,0.639,0.1,0.3,0.313,0.0,0.0,0.0,0.0,0.0,0.0,0.5,1.3,0.39,0.3,0.8,0.327,0.0,0.0,0.0,0.0,0.0,0.0,0.0,0.0,0.0,0.2,0.3,0.722,64,15.9
1630346,Matt Ryan,1610612750,MIN,25.0,Matt,0.1,0.2,0.667,0.0,0.1,0.25,0.0,0.0,0.0,0.0,0.3,0.167,0.8,1.6,0.479,0.3,1.3,0.262,0.0,0.0,0.0,0.0,0.0,0.0,0.0,0.0,0.0,0.3,0.4,0.833,33,9.3
203521,Matthew Dellavedova,1610612758,SAC,32.0,Matthew,0.1,0.2,0.333,0.1,0.3,0.375,0.0,0.2,0.2,0.0,0.0,1.0,0.1,0.3,0.25,0.2,0.6,0.353,0.0,0.0,0.0,0.0,0.0,0.0,0.0,0.0,0.0,0.1,0.2,0.571,30,6.3
1631108,Max Christie,1610612747,LAL,20.0,Max,0.2,0.5,0.421,0.1,0.2,0.5,0.1,0.2,0.375,0.1,0.2,0.571,0.3,1.0,0.353,0.4,0.8,0.452,0.0,0.0,0.0,0.0,0.0,0.0,0.0,0.0,0.0,0.4,0.4,0.875,38,13.3
1629622,Max Strus,1610612748,MIA,26.0,Max,1.3,2.1,0.633,0.2,0.6,0.425,0.1,0.2,0.533,0.0,0.1,0.167,1.0,2.6,0.399,1.4,4.6,0.304,0.0,0.1,0.0,0.0,0.0,0.0,0.0,0.0,0.0,1.1,1.2,0.885,71,28.9
1628467,Maxi Kleber,1610612742,DAL,31.0,Maxi,1.0,1.4,0.698,0.0,0.0,1.0,0.0,0.1,0.5,0.0,0.1,0.5,0.5,1.4,0.326,0.6,1.5,0.378,0.0,0.0,0.0,0.0,0.0,0.0,0.0,0.0,0.0,0.7,1.1,0.656,30,25.8
1630593,McKinley Wright IV,1610612742,DAL,24.0,McKinley,0.7,1.0,0.727,0.3,0.7,0.462,0.1,0.5,0.3,0.1,0.2,0.4,0.0,0.3,0.167,0.3,0.7,0.4,0.0,0.0,0.0,0.0,0.0,0.0,0.0,0.1,0.0,0.5,0.7,0.688,24,11.6
203086,Meyers Leonard,1610612749,MIL,31.0,Meyers,0.5,0.5,1.0,0.0,0.0,0.0,0.0,0.0,0.0,0.0,0.2,0.0,0.2,0.3,0.5,0.7,1.3,0.5,0.0,0.0,0.0,0.0,0.0,0.0,0.0,0.0,0.0,0.5,0.7,0.75,6,8.5
1629662,Mfiondu Kabengele,1610612738,BOS,25.0,Mfiondu,0.5,0.5,1.0,0.0,0.0,0.0,0.0,0.0,0.0,0.0,0.0,0.0,0.0,0.0,0.0,0.0,0.5,0.0,,,,0.0,0.0,0.0,0.0,0.0,0.0,0.0,0.0,0.0,2,7.0
1630695,Micah Potter,1610612762,UTA,24.0,Micah,0.7,0.7,1.0,0.0,0.0,0.0,0.0,0.0,0.0,0.0,0.0,0.0,0.0,0.0,0.0,0.0,0.0,0.0,0.0,0.0,0.0,,,,0.0,0.0,0.0,0.0,0.0,0.0,3,4.8
1630701,Michael Foster Jr.,1610612755,PHI,20.0,Michael,0.0,0.0,0.0,,,,0.0,0.0,0.0,0.0,0.0,0.0,,,,,,,,,,,,,,,,0.0,0.0,0.0,1,1.0
1629008,Michael Porter Jr.,1610612743,DEN,24.0,Michael,2.1,2.9,0.727,0.2,0.5,0.37,0.3,0.7,0.459,0.5,1.1,0.435,1.4,2.8,0.51,1.8,4.8,0.375,0.0,0.1,0.333,0.0,0.0,0.0,0.0,0.0,0.0,1.6,1.9,0.813,55,29.0
1628969,Mikal Bridges,1610612751,BKN,26.0,Mikal,2.1,3.2,0.646,0.8,1.9,0.439,1.4,3.0,0.456,0.6,1.3,0.462,1.4,3.2,0.436,0.6,1.9,0.31,0.0,0.0,1.0,0.0,0.0,0.0,0.0,0.0,0.0,3.4,3.8,0.895,73,36.0
201144,Mike Conley,1610612750,MIN,35.0,Mike,0.8,1.4,0.543,0.5,1.2,0.406,0.4,0.9,0.471,0.1,0.2,0.444,0.8,1.9,0.426,1.2,3.4,0.364,0.0,0.0,0.0,0.0,0.1,0.0,0.0,0.0,0.0,1.9,2.3,0.841,58,30.2
203488,Mike Muscala,1610612738,BOS,31.0,Mike,0.4,0.5,0.69,0.1,0.2,0.4,0.1,0.3,0.412,0.2,0.3,0.571,0.4,1.1,0.4,0.9,2.3,0.393,0.0,0.0,0.0,0.0,0.0,0.0,0.0,0.0,0.0,0.6,0.8,0.78,54,14.8
1630540,Miles McBride,1610612752,NYK,22.0,Miles,0.3,0.6,0.485,0.1,0.1,0.5,0.1,0.3,0.385,0.1,0.2,0.5,0.5,1.2,0.375,0.3,1.1,0.241,0.0,0.0,0.0,0.0,0.0,0.0,0.0,0.0,0.0,0.5,0.7,0.684,56,12.0
1629011,Mitchell Robinson,1610612752,NYK,24.0,Mitchell,3.2,4.6,0.692,0.0,0.1,0.333,0.0,0.0,1.0,0.0,0.0,0.0,0.0,0.0,0.0,0.0,0.0,0.0,0.0,0.0,0.0,0.0,0.0,0.0,0.0,0.0,0.0,1.0,2.0,0.49,51,27.2
1628964,Mo Bamba,1610612747,LAL,24.0,Mo,1.3,2.0,0.659,0.0,0.2,0.222,0.1,0.2,0.429,0.0,0.1,0.5,0.3,0.8,0.429,0.7,1.9,0.374,0.0,0.1,0.0,0.0,0.0,0.0,0.0,0.0,0.0,0.9,1.3,0.661,47,16.2
1628420,Monte Morris,1610612764,WAS,27.0,Monte,1.0,1.6,0.638,0.5,1.1,0.492,0.4,0.9,0.481,0.5,1.1,0.492,0.6,1.4,0.456,0.8,2.1,0.363,0.0,0.0,0.0,0.0,0.1,0.0,0.0,0.0,0.0,1.1,1.3,0.829,58,27.8
1626149,Montrezl Harrell,1610612755,PHI,29.0,Montrezl,1.8,2.8,0.646,0.4,0.6,0.563,0.0,0.1,0.167,0.0,0.0,0.0,0.0,0.0,0.0,0.0,0.0,0.0,0.0,0.0,0.0,0.0,0.0,0.0,0.0,0.0,0.0,1.2,1.7,0.694,51,12.3
1629021,Moritz Wagner,1610612753,ORL,25.0,Moritz,2.5,3.8,0.66,0.2,0.4,0.4,0.0,0.0,0.0,0.1,0.1,0.6,0.2,0.8,0.238,0.8,2.2,0.345,0.0,0.0,0.0,0.0,0.0,0.0,0.0,0.0,0.0,2.8,3.3,0.842,50,20.3
1629650,Moses Brown,1610612751,BKN,23.0,Moses,1.8,2.7,0.663,0.1,0.2,0.333,0.0,0.0,0.0,0.0,0.0,0.0,0.0,0.0,0.0,0.0,0.0,0.0,0.0,0.0,0.0,0.0,0.0,0.0,0.0,0.0,0.0,1.0,2.1,0.458,34,8.5
1630541,Moses Moody,1610612744,GSW,20.0,Moses,0.7,1.0,0.679,0.0,0.2,0.2,0.1,0.1,0.6,0.0,0.1,0.5,0.3,1.1,0.322,0.4,1.0,0.414,0.0,0.1,0.0,0.0,0.1,0.0,0.0,0.0,0.0,0.6,0.9,0.692,56,13.1
1631217,Moussa Diabate,1610612746,LAC,21.0,Moussa,1.1,2.0,0.529,0.1,0.1,1.0,0.0,0.1,0.0,0.0,0.0,0.0,0.1,0.2,0.5,0.0,0.0,0.0,0.0,0.0,0.0,0.0,0.0,0.0,0.0,0.0,0.0,0.6,0.9,0.625,18,9.5
1626167,Myles Turner,1610612754,IND,26.0,Myles,3.4,4.9,0.697,0.9,1.7,0.538,0.5,0.8,0.609,0.1,0.3,0.278,0.3,0.7,0.432,1.2,3.4,0.361,0.0,0.1,0.333,0.0,0.0,0.0,0.0,0.0,0.0,3.5,4.5,0.79,60,29.5
1630230,Naji Marshall,1610612740,NOP,25.0,Naji,1.5,2.6,0.596,0.5,1.3,0.367,0.3,0.6,0.5,0.1,0.1,0.5,0.4,1.5,0.303,0.5,1.4,0.34,0.0,0.1,0.0,0.1,0.1,1.0,0.0,0.1,0.0,1.9,2.3,0.8,67,24.5
1629642,Nassir Little,1610612757,POR,23.0,Nassir,0.8,1.3,0.641,0.0,0.3,0.154,0.1,0.2,0.273,0.2,0.3,0.714,0.3,0.9,0.357,0.8,2.1,0.406,0.0,0.0,0.0,0.0,0.0,0.0,0.0,0.0,0.0,0.6,0.8,0.692,49,17.5
1630233,Nathan Knight,1610612750,MIN,25.0,Nathan,1.0,1.4,0.714,0.0,0.2,0.167,0.0,0.0,0.0,0.0,0.0,0.0,0.1,0.4,0.364,0.1,0.3,0.364,0.0,0.0,0.0,0.0,0.0,0.0,0.0,0.0,0.0,1.1,1.5,0.691,36,7.9
1629675,Naz Reid,1610612750,MIN,23.0,Naz,2.8,3.9,0.73,0.4,1.0,0.4,0.1,0.2,0.455,0.0,0.0,0.0,0.2,0.9,0.233,0.8,2.2,0.379,0.0,0.0,0.0,0.0,0.1,0.0,0.0,0.0,0.0,1.2,1.8,0.681,64,18.1
1629674,Neemias Queta,1610612758,SAC,23.0,Neemias,1.5,2.0,0.75,0.0,0.0,0.0,0.0,0.0,0.0,0.0,0.0,0.0,0.0,0.0,0.0,0.0,0.0,0.0,,,,,,,0.0,0.0,0.0,0.0,0.5,0.0,4,6.1
203457,Nerlens Noel,1610612751,BKN,28.0,Nerlens,0.3,0.8,0.417,0.1,0.4,0.167,0.2,0.6,0.333,0.2,0.4,0.429,0.0,0.0,0.0,0.1,0.1,0.5,0.0,0.0,0.0,0.0,0.0,0.0,0.0,0.0,0.0,0.5,0.7,0.667,17,11.5
1629651,Nic Claxton,1610612751,BKN,23.0,Nic,4.9,6.4,0.761,0.5,1.1,0.431,0.1,0.1,0.444,0.0,0.0,0.0,0.0,0.0,0.0,0.0,0.0,0.0,0.0,0.0,0.0,0.0,0.0,0.0,0.0,0.0,0.0,1.7,3.3,0.525,67,29.5
1630208,Nick Richards,1610612766,CHA,25.0,Nick,2.8,4.1,0.676,0.1,0.5,0.241,0.0,0.1,0.25,0.0,0.0,0.5,0.0,0.0,0.0,0.0,0.0,0.0,0.0,0.0,0.0,0.0,0.0,0.0,0.0,0.0,0.0,2.1,2.7,0.758,58,18.2
1629638,Nickeil Alexander-Walker,1610612750,MIN,24.0,Nickeil,0.8,1.4,0.565,0.2,0.5,0.423,0.1,0.2,0.273,0.2,0.3,0.692,0.5,1.4,0.358,0.7,1.5,0.438,0.0,0.0,0.0,0.0,0.0,0.0,0.0,0.1,0.0,0.8,1.1,0.667,50,15.6
201587,Nicolas Batum,1610612746,LAC,34.0,Nicolas,0.4,0.7,0.633,0.0,0.0,1.0,0.0,0.1,0.2,0.0,0.1,0.25,0.8,2.0,0.409,0.7,2.0,0.346,0.0,0.0,0.0,0.0,0.0,1.0,0.0,0.0,0.0,0.4,0.6,0.682,69,21.7
203999,Nikola Jokic,1610612743,DEN,28.0,Nikola,5.3,7.3,0.727,2.3,3.6,0.636,0.6,1.1,0.507,0.5,0.7,0.63,0.1,0.4,0.333,0.8,1.8,0.424,0.0,0.0,0.0,0.0,0.0,0.0,0.0,0.1,0.0,4.9,6.0,0.818,64,33.9
1631107,Nikola Jovic,1610612748,MIA,19.0,Nikola,1.1,1.4,0.75,0.1,0.4,0.2,0.2,0.4,0.4,0.1,0.1,1.0,0.3,1.2,0.25,0.4,1.8,0.238,0.0,0.1,0.0,0.0,0.0,0.0,0.0,0.0,0.0,1.2,1.3,0.947,15,13.6
202696,Nikola Vucevic,1610612741,CHI,32.0,Nikola,2.8,4.2,0.673,1.6,2.6,0.602,0.6,1.4,0.431,0.6,1.2,0.5,0.5,1.4,0.356,1.1,3.3,0.339,0.0,0.0,0.0,0.0,0.0,0.0,0.0,0.0,0.0,1.6,2.0,0.827,71,34.3
203943,Noah Vonleh,1610612738,BOS,27.0,Noah,0.4,0.7,0.563,0.0,0.1,0.0,0.1,0.1,0.5,0.0,0.0,0.0,0.1,0.2,0.333,0.0,0.0,0.0,0.0,0.0,0.0,0.0,0.0,0.0,0.0,0.0,0.0,0.1,0.1,1.0,23,7.5
1626181,Norman Powell,1610612746,LAC,29.0,Norman,2.4,3.9,0.607,0.5,1.1,0.41,0.4,0.8,0.432,0.3,0.6,0.424,1.0,2.4,0.441,1.1,2.8,0.383,0.0,0.1,0.0,0.0,0.0,0.0,0.0,0.0,0.0,3.6,4.4,0.803,54,25.8
1628384,O.G. Anunoby,1610612761,TOR,25.0,O.G.,3.1,4.9,0.624,0.5,1.3,0.359,0.2,0.7,0.368,0.3,0.8,0.444,1.2,2.9,0.425,0.8,2.5,0.34,0.0,0.0,0.0,0.0,0.0,0.0,0.0,0.0,0.0,2.3,2.7,0.836,58,35.7
1630167,Obi Toppin,1610612752,NYK,25.0,Obi,1.1,1.7,0.64,0.1,0.4,0.238,0.0,0.1,0.0,0.0,0.1,0.667,0.8,2.0,0.373,0.3,1.2,0.271,0.0,0.0,0.0,0.0,0.0,0.0,0.0,0.0,0.0,0.5,0.6,0.784,58,14.3
1630534,Ochai Agbaji,1610612762,UTA,22.0,Ochai,0.8,1.4,0.609,0.3,0.4,0.632,0.0,0.1,0.2,0.0,0.0,0.0,0.8,1.9,0.432,0.5,1.5,0.328,0.0,0.1,0.0,0.0,0.0,0.0,0.0,0.0,0.0,0.6,0.8,0.763,48,18.3
1630846,Olivier Sarr,1610612760,OKC,24.0,Olivier,0.5,1.3,0.4,0.5,0.5,1.0,0.0,0.0,0.0,0.0,0.0,0.0,0.0,0.3,0.0,0.0,0.8,0.0,0.0,0.0,0.0,0.0,0.0,0.0,0.0,0.0,0.0,0.8,0.8,1.0,4,12.8
1630209,Omer Yurtseven,1610612748,MIA,24.0,Omer,0.6,1.0,0.6,0.2,0.4,0.5,0.0,0.0,0.0,0.0,0.0,0.0,0.0,0.2,0.0,0.0,0.0,0.0,0.0,0.0,0.0,0.0,0.0,0.0,0.0,0.0,0.0,0.2,0.4,0.5,5,6.8
1630168,Onyeka Okongwu,1610612737,ATL,22.0,Onyeka,3.1,4.5,0.697,0.3,0.7,0.489,0.1,0.2,0.5,0.3,0.6,0.477,0.0,0.1,0.333,0.0,0.0,0.0,0.0,0.0,0.0,0.0,0.0,0.0,0.0,0.0,0.0,1.7,2.3,0.75,70,23.5
1631115,Orlando Robinson,1610612748,MIA,22.0,Orlando,1.3,1.9,0.661,0.3,0.7,0.429,0.0,0.1,0.0,0.0,0.0,0.0,0.0,0.1,0.0,0.0,0.1,0.0,0.0,0.0,0.0,0.0,0.0,0.0,0.0,0.0,0.0,0.7,1.0,0.724,29,13.7
1629052,Oshae Brissett,1610612754,IND,24.0,Oshae,1.0,1.9,0.505,0.1,0.2,0.3,0.1,0.1,0.75,0.0,0.1,0.0,0.2,0.9,0.25,0.5,1.5,0.357,0.0,0.1,0.333,0.0,0.0,0.0,0.0,0.0,0.0,1.4,1.9,0.704,56,16.4
203490,Otto Porter Jr.,1610612761,TOR,29.0,Otto,0.8,0.8,1.0,0.1,0.1,1.0,0.0,0.1,0.0,0.3,0.4,0.667,0.3,1.0,0.25,0.5,1.4,0.364,0.0,0.0,0.0,0.0,0.0,0.0,0.0,0.0,0.0,1.0,1.0,1.0,8,18.3
1631172,Ousmane Dieng,1610612760,OKC,19.0,Ousmane,1.0,1.4,0.69,0.3,0.6,0.5,0.0,0.1,0.0,0.0,0.1,0.0,0.5,1.3,0.368,0.3,1.4,0.225,0.0,0.0,0.0,0.0,0.0,0.0,0.0,0.1,0.0,0.3,0.6,0.588,29,15.5
200782,P.J. Tucker,1610612755,PHI,37.0,P.J.,0.3,0.7,0.458,0.1,0.3,0.412,0.1,0.1,0.571,0.0,0.0,0.5,0.7,1.7,0.405,0.0,0.1,0.4,0.0,0.0,0.0,0.0,0.0,0.0,0.0,0.0,0.0,0.3,0.3,0.826,66,25.8
1629023,P.J. Washington,1610612766,CHA,24.0,P.J.,2.3,3.6,0.635,0.9,2.1,0.434,0.3,0.7,0.367,0.1,0.6,0.237,0.8,2.1,0.361,1.4,3.9,0.347,0.0,0.0,0.0,0.0,0.0,0.0,0.0,0.0,0.0,1.7,2.4,0.719,68,32.9
1628408,PJ Dozier,1610612758,SAC,26.0,PJ,0.1,0.3,0.5,0.0,0.0,0.0,0.0,0.3,0.0,0.2,0.4,0.5,0.0,0.3,0.0,0.1,0.3,0.5,0.0,0.0,0.0,0.0,0.0,0.0,0.0,0.5,0.0,0.0,0.0,0.0,10,2.3
1631094,Paolo Banchero,1610612753,ORL,20.0,Paolo,3.3,5.5,0.605,0.7,2.2,0.324,0.6,1.5,0.382,0.7,2.0,0.358,0.4,1.2,0.358,0.9,3.1,0.282,0.0,0.0,0.5,0.0,0.0,0.0,0.0,0.0,0.0,5.5,7.4,0.745,66,33.9
1627783,Pascal Siakam,1610612761,TOR,28.0,Pascal,3.6,5.3,0.676,1.5,3.8,0.402,1.2,2.6,0.459,0.9,2.2,0.407,0.6,1.8,0.336,1.0,2.9,0.343,0.0,0.0,0.0,0.0,0.1,0.5,0.0,0.1,0.0,5.2,6.8,0.764,62,37.5
1626192,Pat Connaughton,1610612749,MIL,30.0,Pat,0.8,1.4,0.579,0.1,0.2,0.4,0.0,0.0,0.0,0.0,0.0,0.5,0.7,2.1,0.345,1.1,3.3,0.337,0.0,0.1,0.0,0.0,0.0,0.0,0.0,0.0,0.0,0.5,0.8,0.659,53,24.5
1631116,Patrick Baldwin Jr.,1610612744,GSW,20.0,Patrick,0.3,0.5,0.667,0.0,0.1,0.333,0.0,0.2,0.0,0.1,0.2,0.25,0.3,0.8,0.333,1.0,2.3,0.411,0.0,0.0,0.0,0.0,0.0,0.0,0.0,0.0,0.0,0.2,0.2,0.667,26,8.1
201976,Patrick Beverley,1610612741,CHI,34.0,Patrick,0.6,1.0,0.579,0.3,0.6,0.429,0.1,0.1,0.5,0.0,0.0,0.5,0.6,1.6,0.387,0.6,2.0,0.33,0.0,0.0,0.0,0.0,0.0,0.0,0.0,0.0,0.0,0.8,1.1,0.721,57,27.5
1630172,Patrick Williams,1610612741,CHI,21.0,Patrick,1.6,2.6,0.62,0.1,0.5,0.242,0.3,0.8,0.382,0.3,0.7,0.404,1.0,2.1,0.463,0.5,1.5,0.352,0.0,0.0,0.0,0.0,0.0,0.0,0.0,0.0,0.0,1.1,1.3,0.871,71,28.6
201988,Patty Mills,1610612751,BKN,34.0,Patty,0.3,0.5,0.684,0.1,0.2,0.5,0.1,0.3,0.222,0.3,0.6,0.417,0.6,1.5,0.404,0.8,2.0,0.39,0.0,0.0,0.0,0.0,0.0,0.0,0.0,0.1,0.0,0.6,0.6,0.913,38,13.6
202331,Paul George,1610612746,LAC,32.0,Paul,2.6,4.0,0.667,0.6,1.2,0.492,0.8,1.8,0.441,1.2,2.9,0.414,1.0,2.4,0.432,1.9,5.5,0.348,0.0,0.1,0.333,0.0,0.0,0.0,0.0,0.1,0.0,4.6,5.3,0.871,56,34.6
1630194,Paul Reed,1610612755,PHI,23.0,Paul,1.5,2.2,0.667,0.1,0.3,0.263,0.0,0.2,0.2,0.1,0.1,0.75,0.0,0.0,0.0,0.0,0.0,0.0,0.0,0.0,0.0,0.0,0.0,0.0,0.0,0.0,0.0,0.4,0.5,0.759,58,10.2
1630202,Payton Pritchard,1610612738,BOS,25.0,Payton,0.6,1.2,0.549,0.1,0.2,0.375,0.1,0.2,0.286,0.1,0.2,0.571,0.3,1.0,0.268,0.7,1.9,0.369,0.1,0.2,0.333,0.0,0.0,0.0,0.0,0.1,0.0,0.2,0.3,0.733,45,12.5
1631212,Peyton Watson,1610612743,DEN,20.0,Peyton,0.4,0.7,0.625,0.1,0.3,0.333,0.1,0.4,0.333,0.1,0.1,1.0,0.1,0.2,0.5,0.1,0.2,0.5,0.0,0.0,0.0,0.0,0.0,0.0,0.0,0.0,0.0,0.0,0.1,0.0,14,3.2
1630173,Precious Achiuwa,1610612761,TOR,23.0,Precious,2.4,3.5,0.693,0.4,1.3,0.306,0.1,0.5,0.292,0.0,0.1,0.2,0.2,1.0,0.234,0.2,0.8,0.263,0.0,0.0,0.0,0.0,0.0,0.0,0.0,0.0,0.0,1.7,2.5,0.698,47,21.4
1629656,Quentin Grimes,1610612752,NYK,22.0,Quentin,1.5,2.1,0.692,0.0,0.2,0.3,0.0,0.1,0.222,0.0,0.1,0.4,1.1,2.6,0.417,0.8,2.5,0.303,0.0,0.0,0.0,0.0,0.0,0.0,0.0,0.0,0.0,1.0,1.3,0.79,62,29.0
1631245,Quenton Jackson,1610612764,WAS,24.0,Quenton,0.0,0.0,0.0,0.3,0.3,1.0,0.0,0.0,0.0,0.0,0.0,0.0,0.0,0.0,0.0,0.3,0.7,0.5,0.0,0.0,0.0,0.0,0.0,0.0,,,,0.0,0.0,0.0,3,2.6
1630181,R.J. Hampton,1610612765,DET,22.0,R.J.,0.7,1.2,0.605,0.3,0.7,0.417,0.2,0.4,0.533,0.1,0.3,0.182,0.4,0.8,0.448,0.5,1.4,0.346,0.0,0.1,0.0,0.0,0.0,0.0,0.0,0.0,0.0,1.2,1.6,0.78,38,15.1
1629628,RJ Barrett,1610612752,NYK,22.0,RJ,3.8,6.5,0.578,1.2,3.0,0.386,0.3,0.9,0.35,0.1,0.4,0.296,0.8,2.6,0.324,0.9,2.8,0.311,0.0,0.1,0.0,0.0,0.0,0.0,0.0,0.0,0.0,4.0,5.3,0.744,66,34.0
203526,Raul Neto,1610612739,CLE,30.0,Raul,0.6,0.8,0.722,0.1,0.3,0.455,0.1,0.1,1.0,0.1,0.1,0.5,0.2,0.3,0.5,0.1,0.5,0.217,0.0,0.0,0.0,0.0,0.0,0.0,0.0,0.0,0.0,0.5,0.6,0.889,45,10.0
203493,Reggie Bullock,1610612742,DAL,32.0,Reggie,0.4,0.6,0.674,0.0,0.1,0.286,0.0,0.1,0.5,0.0,0.1,0.125,1.3,3.0,0.436,0.7,2.1,0.311,0.0,0.0,0.0,0.0,0.0,0.0,0.0,0.0,0.0,0.4,0.5,0.703,69,30.6
202704,Reggie Jackson,1610612743,DEN,32.0,Reggie,1.1,2.2,0.511,0.5,1.1,0.465,0.4,0.9,0.4,0.2,0.7,0.366,0.6,1.7,0.374,0.9,2.7,0.325,0.0,0.1,0.333,0.0,0.0,0.0,0.0,0.0,1.0,1.1,1.2,0.905,62,24.6
1626158,Richaun Holmes,1610612758,SAC,29.0,Richaun,0.9,1.2,0.744,0.3,0.4,0.692,0.1,0.3,0.444,0.0,0.0,0.0,0.0,0.1,0.5,0.1,0.1,1.0,0.0,0.0,0.0,0.0,0.0,0.0,0.0,0.0,0.0,0.4,0.5,0.824,36,8.6
201937,Ricky Rubio,1610612739,CLE,32.0,Ricky,0.4,1.0,0.375,0.1,0.4,0.3,0.7,1.2,0.621,0.1,0.3,0.375,0.4,1.5,0.289,0.3,1.1,0.259,0.0,0.1,0.0,0.0,0.0,0.0,0.0,0.1,0.0,1.0,1.2,0.774,25,17.2
203496,Robert Covington,1610612746,LAC,32.0,Robert,0.9,1.5,0.617,0.1,0.3,0.25,0.0,0.1,0.0,0.0,0.1,0.5,0.3,0.8,0.419,0.7,2.2,0.307,0.0,0.0,0.0,0.0,0.0,0.0,0.0,0.0,0.0,0.7,0.9,0.75,40,16.3
1629057,Robert Williams III,1610612738,BOS,25.0,Robert,3.5,4.3,0.823,0.2,0.6,0.333,0.0,0.1,0.5,0.0,0.1,0.333,0.0,0.0,0.0,0.0,0.0,0.0,0.0,0.0,0.0,0.0,0.0,0.0,0.0,0.0,0.0,0.8,1.2,0.647,29,24.1
201577,Robin Lopez,1610612739,CLE,34.0,Robin,0.7,0.8,0.808,0.5,1.0,0.483,0.0,0.0,0.0,0.0,0.0,1.0,0.1,0.1,1.0,0.0,0.1,0.5,0.0,0.0,0.0,0.0,0.0,0.0,0.0,0.0,0.0,0.4,0.5,0.75,34,7.5
203585,Rodney McGruder,1610612765,DET,31.0,Rodney,0.5,0.8,0.64,0.1,0.6,0.111,0.1,0.3,0.333,0.0,0.1,0.0,0.7,1.7,0.407,0.6,1.4,0.432,0.0,0.0,0.0,0.0,0.0,0.0,0.0,0.0,0.0,0.6,0.7,0.818,32,16.4
1629641,Romeo Langford,1610612759,SAS,23.0,Romeo,1.7,2.6,0.656,0.5,1.4,0.365,0.3,0.5,0.5,0.1,0.3,0.4,0.3,0.9,0.333,0.1,0.6,0.15,0.1,0.1,1.0,0.0,0.0,0.0,0.0,0.0,0.0,0.9,1.3,0.681,37,20.2
1631199,Ron Harper Jr.,1610612761,TOR,22.0,Ron,0.3,0.3,1.0,0.3,0.5,0.5,0.0,0.0,0.0,0.0,0.0,0.0,0.3,0.5,0.5,0.3,0.5,0.5,0.0,0.0,0.0,,,,,,,0.0,0.0,0.0,4,3.5
1626220,Royce O'Neale,1610612751,BKN,29.0,Royce,0.7,1.6,0.435,0.2,0.6,0.289,0.0,0.1,0.222,0.0,0.0,0.0,0.6,1.5,0.365,1.6,3.8,0.412,0.0,0.1,0.25,0.0,0.1,0.0,0.0,0.0,0.0,0.7,1.0,0.723,68,32.0
200752,Rudy Gay,1610612762,UTA,36.0,Rudy,0.5,0.7,0.61,0.3,0.7,0.447,0.3,0.7,0.39,0.3,0.5,0.615,0.3,1.4,0.25,0.3,1.1,0.237,0.0,0.0,0.0,0.0,0.1,0.0,0.0,0.0,0.0,0.7,0.9,0.872,55,14.7
203497,Rudy Gobert,1610612750,MIN,30.0,Rudy,5.1,7.1,0.714,0.2,0.6,0.308,0.1,0.2,0.4,0.0,0.0,0.0,0.0,0.0,0.0,0.0,0.0,0.0,0.0,0.0,0.0,0.0,0.0,0.0,0.0,0.0,0.0,3.2,4.9,0.647,61,30.6
1629060,Rui Hachimura,1610612747,LAL,25.0,Rui,2.0,3.1,0.651,0.2,0.9,0.239,0.7,1.4,0.494,0.8,1.4,0.538,0.5,1.3,0.391,0.5,1.5,0.309,0.0,0.0,0.0,0.0,0.0,0.0,0.0,0.0,0.0,1.5,2.0,0.745,54,23.9
201566,Russell Westbrook,1610612746,LAC,34.0,Russell,3.4,6.3,0.545,0.3,1.0,0.338,0.4,1.0,0.409,0.4,1.2,0.324,0.4,1.5,0.277,0.7,2.5,0.292,0.0,0.1,0.5,0.0,0.0,0.0,0.0,0.0,0.5,2.8,4.3,0.659,64,28.9
1627853,Ryan Arcidiacono,1610612757,POR,28.0,Ryan,0.1,0.2,0.5,0.0,0.4,0.0,0.0,0.0,0.0,0.0,0.0,0.0,0.0,0.1,0.0,0.3,0.6,0.556,0.0,0.0,0.0,0.0,0.0,0.0,0.0,0.0,0.0,0.0,0.0,0.0,16,5.4
1631157,Ryan Rollins,1610612744,GSW,20.0,Ryan,0.3,0.9,0.375,0.1,0.2,0.5,0.0,0.1,0.0,0.0,0.0,0.0,0.1,0.5,0.2,0.2,0.4,0.5,0.0,0.0,0.0,0.0,0.0,0.0,0.0,0.0,0.0,0.5,0.5,1.0,12,5.2
1630240,Saben Lee,1610612756,PHX,23.0,Saben,1.1,2.3,0.471,0.1,0.5,0.3,0.0,0.0,1.0,0.1,0.3,0.4,0.1,0.4,0.333,0.2,0.6,0.333,0.0,0.0,0.0,0.0,0.0,0.0,0.0,0.0,0.0,1.6,2.1,0.766,22,13.7
1630180,Saddiq Bey,1610612737,ATL,23.0,Saddiq,1.8,3.3,0.562,0.3,0.9,0.365,0.2,0.6,0.282,0.1,0.4,0.276,1.1,2.5,0.435,0.9,2.8,0.319,0.0,0.1,0.2,0.0,0.0,0.0,0.0,0.2,0.0,2.9,3.4,0.855,67,28.0
1630573,Sam Hauser,1610612738,BOS,25.0,Sam,0.4,0.5,0.784,0.0,0.1,0.0,0.0,0.1,0.6,0.0,0.0,0.0,0.7,1.7,0.402,1.0,2.3,0.426,0.0,0.0,1.0,0.0,0.0,0.0,0.0,0.0,0.0,0.2,0.2,0.706,71,15.5
1630241,Sam Merrill,1610612739,CLE,26.0,Sam,0.0,0.0,0.0,0.5,0.5,1.0,0.0,0.0,0.0,0.0,0.0,0.0,0.0,0.0,0.0,0.0,1.0,0.0,0.0,0.0,0.0,,,,,,,0.0,0.0,0.0,2,4.2
1630572,Sandro Mamukelashvili,1610612759,SAS,23.0,Sandro,0.7,1.4,0.489,0.1,0.2,0.286,0.0,0.2,0.0,0.0,0.0,0.0,0.2,0.8,0.3,0.4,1.3,0.318,0.0,0.0,0.0,0.0,0.0,0.0,0.0,0.0,0.0,0.8,1.2,0.684,33,12.1
1630583,Santi Aldama,1610612763,MEM,22.0,Santi,1.5,2.3,0.667,0.4,0.8,0.519,0.0,0.2,0.231,0.0,0.1,0.167,0.7,1.8,0.374,0.6,1.9,0.333,0.0,0.0,1.0,0.0,0.0,0.0,0.0,0.0,0.0,1.4,1.9,0.736,68,22.0
1630567,Scottie Barnes,1610612761,TOR,21.0,Scottie,3.2,5.2,0.616,1.2,2.8,0.419,0.3,1.0,0.31,0.2,0.8,0.281,0.6,1.7,0.336,0.5,1.6,0.304,0.0,0.0,0.0,0.0,0.0,0.0,0.0,0.1,0.0,2.6,3.3,0.774,69,34.9
1630590,Scotty Pippen Jr.,1610612747,LAL,22.0,Scotty,0.6,1.2,0.5,0.0,0.0,0.0,0.0,0.3,0.0,0.0,0.3,0.0,0.0,0.2,0.0,0.2,0.3,0.5,0.0,0.0,0.0,0.0,0.0,0.0,0.0,0.0,0.0,0.8,1.5,0.556,6,5.3
201586,Serge Ibaka,1610612749,MIL,33.0,Serge,0.9,1.2,0.789,0.2,0.6,0.333,0.0,0.3,0.0,0.1,0.2,0.333,0.1,0.2,0.667,0.3,1.0,0.313,0.0,0.0,0.0,0.0,0.0,0.0,0.0,0.0,0.0,0.5,0.8,0.615,16,11.6
203552,Seth Curry,1610612751,BKN,32.0,Seth,0.4,0.7,0.55,0.1,0.2,0.5,0.4,0.7,0.649,0.7,1.6,0.476,1.0,2.5,0.421,0.9,2.2,0.407,0.0,0.0,0.0,0.0,0.0,0.0,0.0,0.0,0.0,0.9,0.9,0.979,54,21.1
1631101,Shaedon Sharpe,1610612757,POR,19.0,Shaedon,1.5,2.4,0.655,0.2,0.4,0.407,0.1,0.2,0.4,0.2,0.5,0.531,0.7,1.7,0.377,0.5,1.4,0.323,0.0,0.0,0.0,0.0,0.0,0.0,0.0,0.0,0.0,0.6,0.9,0.672,70,20.3
1628983,Shai Gilgeous-Alexander,1610612760,OKC,24.0,Shai,5.0,8.2,0.6,1.4,3.1,0.439,2.4,4.4,0.549,0.8,2.1,0.389,0.2,0.9,0.278,0.7,1.7,0.387,0.0,0.0,0.0,0.0,0.0,0.0,0.0,0.0,0.0,9.7,10.7,0.904,61,35.6
1629003,Shake Milton,1610612755,PHI,26.0,Shake,1.6,2.5,0.627,0.4,1.0,0.441,0.3,0.7,0.378,0.1,0.2,0.467,0.3,0.8,0.396,0.5,1.2,0.423,0.0,0.1,0.333,0.0,0.0,0.0,0.0,0.1,0.333,1.3,1.5,0.845,67,20.2
1631323,Simone Fontecchio,1610612762,UTA,27.0,Simone,0.4,0.8,0.455,0.2,0.5,0.389,0.1,0.3,0.333,0.1,0.2,0.286,0.6,1.6,0.387,0.6,1.9,0.299,0.0,0.0,0.0,0.0,0.0,0.0,0.0,0.0,0.0,0.7,0.9,0.806,42,12.6
203915,Spencer Dinwiddie,1610612751,BKN,29.0,Spencer,2.1,3.6,0.577,0.6,1.5,0.402,0.4,1.0,0.408,0.4,0.7,0.532,1.2,2.4,0.491,1.2,3.9,0.32,0.1,0.3,0.267,0.0,0.1,0.0,0.0,0.0,0.0,3.4,4.2,0.814,70,34.4
1626169,Stanley Johnson,1610612759,SAS,26.0,Stanley,1.1,1.6,0.653,0.3,0.6,0.444,0.2,0.4,0.455,0.0,0.1,0.0,0.4,0.7,0.524,0.3,0.6,0.474,0.0,0.0,0.0,0.0,0.1,0.0,0.0,0.0,0.0,0.9,1.3,0.667,30,15.6
1630649,Stanley Umude,1610612765,DET,23.0,Stanley,0.0,0.0,0.0,0.0,0.0,0.0,0.0,0.0,0.0,0.0,0.0,0.0,0.0,1.0,0.0,0.0,0.0,0.0,,,,,,,,,,2.0,2.0,1.0,1,2.1
201939,Stephen Curry,1610612744,GSW,35.0,Stephen,2.9,4.1,0.705,0.9,1.7,0.494,0.5,1.0,0.521,0.6,1.3,0.45,1.1,2.3,0.481,3.8,8.6,0.443,0.3,1.0,0.289,0.0,0.0,0.0,0.0,0.2,0.1,4.8,5.2,0.915,47,34.8
1628425,Sterling Brown,1610612747,LAL,28.0,Sterling,0.0,0.5,0.0,0.0,0.0,0.0,0.0,0.0,0.0,0.0,0.0,0.0,0.0,0.3,0.0,0.0,0.3,0.0,,,,0.0,0.0,0.0,0.0,0.0,0.0,0.0,0.0,0.0,4,6.1
203500,Steven Adams,1610612763,MEM,29.0,Steven,3.2,5.1,0.634,0.5,1.0,0.455,0.0,0.1,0.5,0.0,0.0,0.0,0.0,0.0,0.0,0.0,0.0,0.0,0.0,0.0,0.0,0.0,0.0,0.0,0.0,0.0,0.0,1.1,3.1,0.364,42,27.0
1629004,Svi Mykhailiuk,1610612766,CHA,25.0,Svi,0.3,0.6,0.462,0.1,0.4,0.143,0.0,0.1,0.0,0.0,0.1,0.0,0.3,0.7,0.5,0.4,0.8,0.529,0.0,0.0,0.0,0.0,0.0,0.0,0.0,0.0,0.0,0.3,0.7,0.467,23,7.2
204456,T.J. McConnell,1610612754,IND,30.0,T.J.,1.8,3.0,0.595,0.8,1.6,0.505,0.4,1.0,0.422,0.1,0.2,0.727,0.2,0.4,0.458,0.2,0.5,0.406,0.0,0.0,0.0,0.0,0.0,0.0,0.0,0.0,0.0,0.7,0.9,0.845,67,20.1
203933,T.J. Warren,1610612756,PHX,29.0,T.J.,1.0,1.4,0.688,0.5,1.1,0.436,0.7,1.4,0.49,0.5,0.9,0.519,0.3,0.8,0.346,0.3,0.7,0.391,0.0,0.1,0.0,0.0,0.1,0.0,0.0,0.0,0.0,0.8,1.0,0.818,34,15.9
201959,Taj Gibson,1610612764,WAS,37.0,Taj,0.9,1.3,0.696,0.1,0.3,0.455,0.2,0.3,0.636,0.1,0.3,0.417,0.0,0.3,0.167,0.0,0.2,0.25,0.0,0.0,0.0,0.0,0.0,0.0,0.0,0.0,0.0,0.6,0.8,0.684,45,9.6
1629659,Talen Horton-Tucker,1610612762,UTA,22.0,Talen,1.8,3.3,0.547,0.5,1.2,0.426,0.2,0.5,0.393,0.1,0.3,0.313,0.2,0.9,0.28,0.5,1.9,0.271,0.1,0.1,0.667,0.0,0.0,0.0,0.0,0.1,0.2,1.6,2.1,0.769,57,18.7
1631106,Tari Eason,1610612745,HOU,21.0,Tari,2.5,4.6,0.55,0.3,0.8,0.345,0.0,0.2,0.188,0.0,0.1,0.0,0.3,0.9,0.323,0.4,1.2,0.364,0.0,0.0,0.0,0.0,0.0,0.0,0.0,0.0,0.0,1.3,1.8,0.74,72,20.8
1627752,Taurean Prince,1610612750,MIN,28.0,Taurean,1.2,1.9,0.644,0.3,0.7,0.406,0.2,0.3,0.769,0.2,0.4,0.444,0.9,2.1,0.439,0.5,1.4,0.333,0.0,0.0,0.0,0.0,0.1,0.0,0.0,0.0,0.0,1.0,1.2,0.842,47,21.8
1629611,Terance Mann,1610612746,LAC,26.0,Terance,2.1,3.0,0.693,0.2,0.5,0.306,0.2,0.4,0.407,0.1,0.2,0.636,0.5,1.4,0.337,0.5,1.1,0.447,0.0,0.0,0.0,0.0,0.0,0.0,0.0,0.0,0.5,1.1,1.4,0.769,72,23.0
1629056,Terence Davis,1610612758,SAC,25.0,Terence,0.8,1.4,0.577,0.1,0.2,0.6,0.0,0.1,0.25,0.1,0.3,0.5,0.6,1.5,0.425,0.7,2.1,0.333,0.0,0.1,0.5,0.0,0.0,0.0,0.0,0.0,0.0,0.6,0.7,0.821,57,13.3
203082,Terrence Ross,1610612756,PHX,32.0,Terrence,0.3,0.5,0.654,0.2,0.4,0.478,0.4,1.0,0.412,0.6,1.2,0.525,0.8,1.6,0.464,0.9,2.5,0.344,0.0,0.0,0.0,0.0,0.1,0.0,0.0,0.0,0.0,0.4,0.6,0.759,52,21.7
1626179,Terry Rozier,1610612766,CHA,29.0,Terry,2.8,5.1,0.561,0.9,2.5,0.37,0.8,1.7,0.448,0.6,1.3,0.434,1.1,3.7,0.301,1.7,4.7,0.363,0.0,0.2,0.125,0.0,0.0,0.0,0.0,0.0,0.0,2.9,3.5,0.809,62,35.7
1630678,Terry Taylor,1610612741,CHI,23.0,Terry,1.0,1.5,0.649,0.1,0.4,0.375,0.0,0.1,0.333,0.0,0.0,0.0,0.1,0.4,0.2,0.1,0.3,0.25,0.0,0.0,0.0,0.0,0.0,0.0,0.0,0.0,0.0,0.2,0.3,0.714,28,8.3
201152,Thaddeus Young,1610612761,TOR,34.0,Thaddeus,1.3,1.8,0.704,0.5,1.0,0.527,0.0,0.1,0.286,0.0,0.1,0.5,0.1,0.5,0.2,0.0,0.2,0.125,0.0,0.0,0.0,0.0,0.0,0.0,0.0,0.0,0.0,0.3,0.5,0.692,54,14.7
203648,Thanasis Antetokounmpo,1610612749,MIL,30.0,Thanasis,0.3,0.6,0.4,0.0,0.1,0.0,0.0,0.1,0.0,0.0,0.0,0.0,0.0,0.1,0.0,0.0,0.1,0.0,0.0,0.0,0.0,0.0,0.0,0.0,0.0,0.0,0.0,0.1,0.3,0.5,28,4.0
1630177,Theo Maledon,1610612766,CHA,21.0,Theo,0.6,1.1,0.561,0.2,0.8,0.296,0.3,0.6,0.476,0.1,0.1,0.5,0.2,0.3,0.583,0.4,1.4,0.306,0.0,0.0,0.0,0.0,0.0,0.0,0.0,0.1,0.0,1.4,1.6,0.875,36,16.1
1629033,Theo Pinson,1610612742,DAL,27.0,Theo,0.1,0.3,0.3,0.0,0.2,0.2,0.0,0.1,0.5,0.0,0.0,0.0,0.2,0.4,0.5,0.3,1.0,0.29,0.0,0.1,0.0,0.0,0.0,0.0,0.0,0.0,0.0,0.2,0.3,0.818,37,6.6
1628418,Thomas Bryant,1610612743,DEN,25.0,Thomas,2.8,3.7,0.754,0.3,0.7,0.417,0.3,0.6,0.5,0.2,0.4,0.478,0.1,0.4,0.333,0.3,0.7,0.5,0.0,0.0,0.0,0.0,0.0,0.0,0.0,0.0,0.0,1.7,2.3,0.738,55,18.9
203501,Tim Hardaway Jr.,1610612742,DAL,31.0,Tim,0.8,1.7,0.505,0.2,0.7,0.319,0.4,0.8,0.453,0.2,0.8,0.3,1.2,3.0,0.393,1.8,4.7,0.373,0.1,0.2,0.429,0.0,0.0,0.0,0.0,0.1,0.0,1.7,2.3,0.764,65,30.2
202699,Tobias Harris,1610612755,PHI,30.0,Tobias,2.7,4.0,0.668,0.7,1.6,0.434,0.4,1.0,0.406,0.2,0.5,0.5,0.9,2.3,0.384,0.9,2.2,0.401,0.0,0.0,0.0,0.0,0.0,0.0,0.0,0.0,0.0,1.4,1.7,0.872,66,33.1
1628396,Tony Bradley,1610612741,CHI,25.0,Tony,0.3,0.5,0.6,0.0,0.0,0.0,0.0,0.1,0.0,0.0,0.2,0.0,0.2,0.4,0.5,0.1,0.1,1.0,0.0,0.0,0.0,0.0,0.0,0.0,0.0,0.0,0.0,0.3,0.3,1.0,12,2.8
1628470,Torrey Craig,1610612756,PHX,32.0,Torrey,1.3,2.0,0.626,0.1,0.5,0.278,0.1,0.3,0.263,0.0,0.2,0.091,0.8,1.8,0.408,0.5,1.5,0.366,0.0,0.0,0.0,0.0,0.0,0.0,0.0,0.0,0.0,0.5,0.6,0.721,68,25.4
1629027,Trae Young,1610612737,ATL,24.0,Trae,2.4,4.7,0.518,1.4,3.1,0.443,1.4,2.6,0.541,0.7,1.6,0.437,0.6,1.8,0.328,1.6,4.5,0.345,0.4,1.2,0.309,0.1,0.2,0.625,0.0,0.0,0.0,7.6,8.6,0.887,65,34.8
1630200,Tre Jones,1610612759,SAS,23.0,Tre,2.3,4.1,0.566,0.7,1.7,0.412,0.9,2.2,0.424,0.2,0.5,0.448,0.3,1.1,0.27,0.4,1.3,0.269,0.0,0.0,0.0,0.0,0.0,0.0,0.0,0.0,0.0,2.2,2.5,0.87,59,29.2
1630544,Tre Mann,1610612760,OKC,22.0,Tre,0.9,1.5,0.56,0.3,1.0,0.316,0.3,0.6,0.447,0.3,0.5,0.5,0.5,1.2,0.411,0.8,2.8,0.291,0.0,0.1,0.0,0.0,0.0,0.0,0.0,0.1,0.0,0.6,0.8,0.74,60,18.0
1630570,Trendon Watford,1610612757,POR,22.0,Trendon,1.4,2.3,0.615,0.6,1.0,0.588,0.1,0.3,0.375,0.0,0.0,0.5,0.1,0.2,0.308,0.3,0.7,0.486,0.0,0.0,0.0,0.0,0.0,0.0,0.0,0.0,0.0,1.0,1.4,0.72,54,18.6
1630235,Trent Forrest,1610612737,ATL,24.0,Trent,0.4,0.9,0.412,0.8,1.5,0.52,0.3,0.4,0.667,0.0,0.0,0.0,0.0,0.1,0.0,0.0,0.1,0.0,0.0,0.0,0.0,0.0,0.0,0.0,0.0,0.0,0.0,0.1,0.2,0.667,19,12.7
1630243,Trevelin Queen,1610612754,IND,26.0,Trevelin,0.7,1.4,0.5,0.0,0.3,0.0,0.0,0.1,0.0,0.0,0.2,0.0,0.1,0.6,0.25,0.1,1.6,0.091,0.0,0.0,0.0,0.0,0.0,0.0,0.0,0.0,0.0,0.7,0.7,1.0,7,10.0
1631309,Trevor Hudgins,1610612745,HOU,23.0,Trevor,0.0,0.2,0.0,0.0,0.0,0.0,0.0,0.0,0.0,0.0,0.0,0.0,0.0,0.0,0.0,0.2,1.4,0.143,1.0,1.0,1.0,0.0,0.0,0.0,0.0,0.0,0.0,0.6,0.6,1.0,5,5.7
1631211,Trevor Keels,1610612752,NYK,19.0,Trevor,0.0,0.0,0.0,,,,0.0,0.0,0.0,,,,0.5,0.5,1.0,0.0,1.0,0.0,,,,,,,,,,0.0,0.0,0.0,2,1.9
1626168,Trey Lyles,1610612758,SAC,27.0,Trey,1.3,1.9,0.659,0.2,0.3,0.455,0.0,0.0,0.0,0.0,0.0,0.0,0.6,1.5,0.404,0.6,1.7,0.352,0.0,0.0,0.0,0.0,0.0,0.0,0.0,0.0,0.0,1.4,1.7,0.8,64,16.8
1630530,Trey Murphy III,1610612740,NOP,22.0,Trey,1.9,2.6,0.714,0.2,0.6,0.366,0.0,0.1,0.2,0.0,0.2,0.091,0.9,2.1,0.419,1.4,3.7,0.384,0.2,0.5,0.5,0.0,0.0,0.0,0.0,0.0,0.0,1.9,2.0,0.908,69,30.0
1628972,Troy Brown Jr.,1610612747,LAL,23.0,Troy,1.0,1.7,0.609,0.1,0.3,0.294,0.1,0.2,0.333,0.1,0.3,0.294,0.7,1.9,0.373,0.8,1.9,0.407,0.0,0.1,0.0,0.0,0.0,0.0,0.0,0.0,0.0,0.5,0.5,0.914,66,24.8
1629660,Ty Jerome,1610612744,GSW,25.0,Ty,0.8,1.2,0.667,0.5,1.0,0.465,0.5,1.0,0.523,0.1,0.2,0.375,0.3,0.8,0.394,0.5,1.3,0.393,0.0,0.1,0.0,0.0,0.0,0.0,0.0,0.0,1.0,0.9,0.9,0.927,44,18.5
1631102,TyTy Washington Jr.,1610612745,HOU,21.0,TyTy,0.2,0.5,0.5,0.5,1.0,0.483,0.4,0.8,0.565,0.1,0.4,0.3,0.4,1.0,0.355,0.2,1.6,0.149,0.0,0.1,0.0,0.0,0.0,0.0,0.0,0.0,0.0,0.3,0.5,0.625,30,13.7
1628416,Tyler Dorsey,1610612742,DAL,27.0,Tyler,0.0,0.0,0.0,0.0,0.0,0.0,0.0,0.0,0.0,1.0,1.0,1.0,1.0,1.5,0.667,0.0,0.0,0.0,0.0,0.0,0.0,,,,0.0,0.0,0.0,0.0,0.0,0.0,3,2.8
1629639,Tyler Herro,1610612748,MIA,23.0,Tyler,1.6,2.7,0.611,1.1,2.2,0.477,1.0,2.2,0.454,0.5,1.3,0.367,1.0,2.2,0.45,2.1,6.0,0.349,0.0,0.1,0.167,0.0,0.0,0.0,0.0,0.1,0.0,2.6,2.8,0.927,59,35.3
1630169,Tyrese Haliburton,1610612754,IND,23.0,Tyrese,2.8,4.4,0.647,0.7,1.4,0.507,0.5,1.2,0.418,0.3,0.8,0.439,0.6,1.3,0.493,2.2,5.4,0.401,0.2,0.6,0.321,0.0,0.0,0.0,0.0,0.1,0.167,3.1,3.6,0.87,54,33.7
1631213,Tyrese Martin,1610612737,ATL,24.0,Tyrese,0.3,0.5,0.5,0.1,0.1,1.0,0.0,0.1,0.0,0.1,0.4,0.333,0.0,0.2,0.0,0.1,0.3,0.333,0.0,0.0,0.0,0.0,0.0,0.0,0.0,0.0,0.0,0.2,0.2,1.0,13,3.5
1630178,Tyrese Maxey,1610612755,PHI,22.0,Tyrese,2.8,4.8,0.575,0.8,1.9,0.406,0.7,1.3,0.5,0.5,1.0,0.444,0.7,1.7,0.437,1.7,4.2,0.406,0.1,0.3,0.4,0.0,0.1,0.333,0.0,0.0,0.0,3.1,3.6,0.841,52,33.2
1626145,Tyus Jones,1610612763,MEM,26.0,Tyus,0.7,1.2,0.568,0.6,1.1,0.494,1.0,2.1,0.459,0.2,0.4,0.44,0.7,1.5,0.481,0.8,2.5,0.33,0.0,0.0,0.0,0.0,0.0,0.0,0.0,0.0,0.0,1.0,1.3,0.809,71,24.0
1628962,Udoka Azubuike,1610612762,UTA,23.0,Udoka,1.0,1.2,0.9,0.1,0.2,0.6,0.0,0.0,0.0,0.0,0.0,0.0,0.0,0.0,0.0,0.0,0.0,0.0,0.0,0.0,0.0,,,,0.0,0.0,0.0,0.1,0.4,0.3,27,6.4
2617,Udonis Haslem,1610612748,MIA,42.0,Udonis,0.0,0.7,0.0,0.0,0.0,0.0,0.2,0.5,0.333,0.0,0.6,0.0,0.0,0.2,0.0,0.0,0.2,0.0,,,,0.0,0.0,0.0,0.0,0.0,0.0,0.2,0.3,0.5,6,7.9
1630586,Usman Garuba,1610612745,HOU,21.0,Usman,0.8,1.4,0.604,0.0,0.2,0.067,0.0,0.0,0.0,0.0,0.0,0.0,0.2,0.4,0.6,0.1,0.3,0.409,0.0,0.0,0.0,0.0,0.0,0.0,0.0,0.0,0.0,0.4,0.7,0.591,65,13.1
1630176,Vernon Carey Jr.,1610612764,WAS,22.0,Vernon,0.2,0.4,0.5,0.0,0.1,0.0,0.0,0.2,0.0,0.0,0.2,0.0,0.0,0.2,0.0,0.0,0.0,0.0,0.0,0.0,0.0,0.0,0.0,0.0,,,,0.2,0.2,1.0,11,2.6
203506,Victor Oladipo,1610612748,MIA,30.0,Victor,1.2,2.2,0.541,0.3,0.7,0.462,0.3,0.9,0.361,0.2,0.6,0.409,0.5,1.4,0.345,1.0,3.3,0.296,0.0,0.0,0.0,0.1,0.1,1.0,0.0,0.0,0.0,1.4,1.9,0.761,38,26.7
1631246,Vince Williams Jr.,1610612763,MEM,22.0,Vince,0.2,0.4,0.5,0.0,0.0,0.0,0.0,0.0,0.0,0.0,0.0,0.0,0.0,0.8,0.0,0.3,0.5,0.5,,,,0.0,0.0,0.0,0.0,0.0,0.0,0.0,0.0,0.0,11,4.7
1630249,Vit Krejci,1610612737,ATL,22.0,Vit,0.3,0.5,0.6,0.1,0.1,1.0,0.0,0.1,0.0,0.1,0.1,1.0,0.2,0.4,0.5,0.0,0.5,0.1,0.0,0.0,0.0,0.0,0.0,0.0,0.0,0.0,0.0,0.0,0.1,0.5,24,5.3
1628427,Vlatko Cancar,1610612743,DEN,25.0,Vlatko,0.9,1.4,0.671,0.2,0.5,0.417,0.0,0.1,0.286,0.0,0.0,0.5,0.5,1.0,0.479,0.4,1.1,0.333,0.0,0.0,0.0,0.0,0.0,0.0,0.0,0.1,0.333,0.6,0.6,0.938,51,15.7
1631117,Walker Kessler,1610612762,UTA,21.0,Walker,3.6,4.9,0.751,0.1,0.3,0.263,0.0,0.0,1.0,0.0,0.0,0.5,0.0,0.0,0.5,0.0,0.0,0.0,0.0,0.0,0.0,0.0,0.0,0.0,0.0,0.0,0.0,1.1,2.1,0.536,67,22.7
1628976,Wendell Carter Jr.,1610612753,ORL,23.0,Wendell,3.3,4.5,0.744,0.3,0.7,0.432,0.4,0.9,0.444,0.4,0.9,0.383,0.5,1.3,0.397,0.8,2.7,0.316,0.0,0.0,1.0,0.0,0.0,0.0,0.0,0.0,0.0,2.7,3.6,0.75,50,30.1
1631111,Wendell Moore Jr.,1610612750,MIN,21.0,Wendell,0.5,0.7,0.684,0.1,0.1,0.667,0.0,0.1,0.0,0.0,0.1,0.0,0.1,0.5,0.182,0.0,0.2,0.0,0.0,0.0,0.0,0.0,0.0,0.0,0.0,0.0,0.0,0.1,0.2,0.8,27,5.5
1629117,Wenyen Gabriel,1610612747,LAL,25.0,Wenyen,2.0,3.1,0.663,0.2,0.4,0.636,0.0,0.1,0.0,0.0,0.0,0.5,0.1,0.4,0.25,0.1,0.2,0.333,0.0,0.0,0.0,0.1,0.1,1.0,0.0,0.0,0.0,0.8,1.3,0.63,58,15.4
202083,Wesley Matthews,1610612749,MIL,36.0,Wesley,0.2,0.4,0.438,0.0,0.0,0.0,0.1,0.2,0.5,0.0,0.0,0.0,0.3,1.1,0.311,0.5,1.3,0.352,0.0,0.1,0.0,0.0,0.0,0.0,0.0,0.0,0.0,0.4,0.5,0.85,41,15.4
203115,Will Barton,1610612761,TOR,32.0,Will,0.6,1.3,0.469,0.3,0.8,0.3,0.1,0.5,0.28,0.2,0.4,0.474,0.4,1.0,0.417,0.8,2.3,0.342,0.0,0.0,0.0,0.0,0.1,0.0,0.0,0.1,0.0,0.7,0.9,0.778,49,17.9
1626195,Willy Hernangomez,1610612740,NOP,28.0,Willy,2.2,3.5,0.635,0.2,0.9,0.241,0.1,0.2,0.5,0.0,0.0,0.0,0.0,0.2,0.167,0.1,0.2,0.333,0.0,0.0,0.0,0.0,0.0,0.0,0.0,0.0,0.0,2.3,3.0,0.779,35,12.7
1641645,Xavier Cooks,1610612764,WAS,27.0,Xavier,0.0,0.0,0.0,0.0,0.0,0.0,0.0,0.0,0.0,0.0,0.0,0.0,0.0,0.0,0.0,0.0,0.0,0.0,,,,,,,0.0,0.0,0.0,0.0,0.0,0.0,1,5.5
1630214,Xavier Tillman,1610612763,MEM,24.0,Xavier,1.9,2.8,0.667,0.7,1.1,0.6,0.2,0.6,0.407,0.0,0.0,0.0,0.1,0.3,0.308,0.0,0.0,0.5,0.0,0.0,0.0,0.0,0.1,0.0,0.0,0.0,0.0,0.8,1.5,0.557,52,18.3
1629139,Yuta Watanabe,1610612751,BKN,28.0,Yuta,0.9,1.2,0.7,0.1,0.3,0.188,0.0,0.0,0.0,0.1,0.2,0.4,0.8,1.4,0.535,0.3,0.9,0.349,0.0,0.0,0.0,0.1,0.1,1.0,0.0,0.0,0.0,0.6,0.8,0.756,49,17.0
1628380,Zach Collins,1610612759,SAS,25.0,Zach,2.3,3.5,0.663,0.7,1.4,0.476,0.2,0.6,0.343,0.2,0.5,0.481,0.2,0.5,0.29,0.7,1.7,0.418,0.0,0.0,0.0,0.0,0.0,0.0,0.0,0.0,0.0,1.7,2.2,0.775,58,22.5
203897,Zach LaVine,1610612741,CHI,28.0,Zach,3.9,5.9,0.655,0.4,1.1,0.417,0.4,0.9,0.459,0.8,1.9,0.408,1.3,3.1,0.411,1.9,5.1,0.37,0.1,0.2,0.5,0.0,0.1,0.0,0.0,0.0,0.0,4.8,5.7,0.85,67,36.4
1630192,Zeke Nnaji,1610612743,DEN,22.0,Zeke,1.7,2.4,0.708,0.0,0.0,0.0,0.0,0.0,0.0,0.0,0.0,1.0,0.1,0.5,0.19,0.2,0.6,0.36,0.0,0.0,0.0,0.0,0.0,0.0,0.0,0.0,0.0,0.8,1.2,0.667,45,13.2
1630533,Ziaire Williams,1610612763,MEM,21.0,Ziaire,1.0,1.4,0.7,0.2,0.4,0.538,0.2,0.4,0.438,0.1,0.2,0.429,0.4,1.5,0.275,0.2,1.1,0.211,0.0,0.1,0.0,0.0,0.0,0.0,0.0,0.0,1.0,0.4,0.5,0.778,36,14.7
1629627,Zion Williamson,1610612740,NOP,22.0,Zion,8.7,12.9,0.674,0.7,2.1,0.333,0.2,0.4,0.455,0.0,0.1,0.25,0.1,0.1,0.75,0.1,0.5,0.267,0.0,0.0,0.0,0.0,0.0,0.0,0.0,0.0,0.0,6.1,8.6,0.714,29,33.0
